version,instruction,instruction_commit,persona,run,turns,turns_completed,minutes,areas,tasks,max_task_chars,outcomes,requirements,capabilities,capabilities_restating_task,collaborators,conditions,near_copy_details,details_total,purpose_written,hidden_aspects_asked,elicitation_gaps,recording_gaps,questions_per_turn,chars_per_turn,leading_phrases,citations_checked,citations_unsupported,correction_effective,executions_not_completed,a_turns,a_model_calls,a_max_calls_in_a_turn,memory_batches,memory_model_calls,compactions,attempts,failed_attempts,cost_usd,counted_input_tokens_a,counted_input_tokens_memory,max_a_request_tokens,max_memory_request_tokens,job_file_id,counted_input_tokens_per_minute
q1,c0,d41e75f7 instructions (baseline),course_admin,q1-1,12,12,10.8,1,2,255,7,7,0,0,3,0,4,14,True,,limits;quality_roster;risk_peak;tools,,1.25,108,1,27,0,True,0,12,54,8,3,31,0,179,6,0.0545,1831347,401486,62462,26095,984ba8f6-9625-44b1-bfb5-ff3f85781909,206744
q1,c0,d41e75f7 instructions (baseline),course_admin,q1-2,12,12,8.9,1,3,177,7,8,0,0,3,0,7,15,True,,limits;quality_roster;risk_peak;tools,,1.75,110,2,27,0,True,0,12,55,13,3,28,0,166,15,0.0498,1682605,339059,58687,23807,d8a3bdda-dbf2-48cc-87da-8af76c4983f4,227153
q1,c0,d41e75f7 instructions (baseline),course_admin,q1-3,12,12,15.7,1,3,134,6,8,2,0,6,0,5,14,True,,limits;quality_roster;risk_peak;tools,,1.5,116,1,36,0,True,0,12,76,13,4,42,0,229,24,0.0691,2544987,585272,74271,28266,1e3e2266-2806-43ec-a028-c1eddba11ae1,199380
q1,c0,d41e75f7 instructions (baseline),warehouse,q1-1,12,12,10.4,4,7,76,9,9,0,0,2,1,8,18,False,,license;limits;physical;risk_peak,,1.83,106,3,39,0,True,0,12,67,19,4,37,0,201,24,0.0575,1772365,595588,57761,38524,ac67f378-d920-44a3-bf6e-77e648495ee4,227688
q1,c0,d41e75f7 instructions (baseline),warehouse,q1-2,12,12,7.7,1,7,41,7,8,0,0,0,1,3,15,False,,annual;license;limits;physical;risk_peak,,1.67,122,5,23,0,True,0,12,40,9,2,26,0,137,8,0.042,1326223,254429,56874,19940,35fec144-ed7a-450e-8a65-04ac546f3d29,205279
q1,c0,d41e75f7 instructions (baseline),warehouse,q1-3,12,12,12.5,6,7,84,9,10,0,0,3,1,9,19,False,,license;limits;physical;risk_peak,,1.58,116,2,38,0,True,0,12,70,10,4,41,0,221,18,0.0626,2089667,624142,63316,35778,c1eee3a0-118d-4d85-b190-c3ea2f333b9b,217105
q2,c1,ec3c143a,course_admin,q2-1,12,12,7.5,4,4,113,10,8,1,0,5,1,6,18,True,quality_roster;risk_peak;tools,limits,,1.58,101,3,38,0,True,0,12,68,14,2,22,0,171,22,0.0435,1732929,156595,56066,18800,437e3f70-ba4a-40a5-af1e-9d331630a85e,251937
q2,c1,ec3c143a,course_admin,q2-2,12,12,25.7,2,5,81,3,8,4,2,6,0,0,11,True,quality_roster;tools,limits;risk_peak,schedule,1.17,106,1,28,0,True,0,12,163,48,7,100,0,420,129,0.1188,3574593,1816488,90228,51241,dc18b6fd-0303-4518-a534-86d944053fd9,209770
q2,c1,ec3c143a,course_admin,q2-3,12,12,7.3,1,6,127,7,7,3,0,5,1,3,14,True,risk_peak;tools,limits;quality_roster,,1.42,109,2,31,0,True,0,12,58,11,2,17,0,143,20,0.0379,1566447,110153,56871,12621,031b8c6f-402a-4c92-8ed6-08d351251a80,229671
q2,c1,ec3c143a,warehouse,q2-1,12,12,13.8,4,10,53,8,7,9,4,4,3,6,15,True,license;physical,limits;risk_peak,,1.58,113,4,32,2,True,0,12,101,22,4,96,0,325,86,0.0799,2637154,1207840,81476,45962,f5901b0a-a0c4-4ada-b763-6d614f8d7f04,278623
q2,c1,ec3c143a,warehouse,q2-2,12,12,7.6,2,8,47,8,4,12,7,2,1,2,12,True,,license;limits;physical;risk_peak,,1.67,95,3,23,0,True,0,12,57,12,4,35,0,181,20,0.0594,1642063,546444,59809,40249,382a2726-296a-46c4-895b-61dced4a3caa,287961
q2,c1,ec3c143a,warehouse,q2-3,12,12,7.2,4,6,84,3,9,8,7,4,1,2,12,True,,license;limits;physical;risk_peak,,1.25,108,3,29,0,True,0,12,42,8,1,9,0,109,4,0.0354,1615047,35046,61032,5587,b964e6a6-072f-4a70-9756-197e63145958,229180
q2b,c1b,4b9da041,course_admin,q2b-1,12,12,7.7,1,5,109,5,9,0,0,6,1,6,14,True,quality_roster;tools,limits;risk_peak,,1.17,92,1,38,0,True,0,12,60,10,1,10,0,135,16,0.0362,1788551,41134,60967,5895,5b946685-51e2-4a9c-93fe-13cf88b0c136,237621
q2b,c1b,4b9da041,course_admin,q2b-2,12,11,18.2,1,5,133,3,8,2,1,4,0,1,11,True,quality_roster;tools,limits;risk_peak,,1.45,141,1,24,0,True,1,12,124,27,8,117,0,408,100,0.0782,2618487,1770943,64396,44711,05a0fcbb-ad7b-4b53-afa7-bed9059f13dc,241177
q2b,c1b,4b9da041,course_admin,q2b-3,12,12,14.2,1,6,127,6,7,0,0,6,1,10,13,True,tools,limits;quality_roster;risk_peak,,1.17,122,1,35,1,True,0,12,98,14,2,22,0,204,49,0.0621,2690203,171065,80140,20075,75b98e7d-eba7-4cde-985b-10d1dc2c8e4c,201498
q2b,c1b,4b9da041,warehouse,q2b-1,12,11,13.2,1,7,82,2,6,0,0,4,2,0,8,True,license;limits;physical;risk_peak,,,1.64,116,8,29,0,True,1,12,90,19,6,79,0,295,65,0.078,1831386,1385259,53682,51934,a9e2f378-e0e0-42b8-b52b-02a001042dec,243685
q2b,c1b,4b9da041,warehouse,q2b-2,10,10,4.5,1,7,47,1,6,0,0,3,3,0,7,True,license;physical,annual;limits;risk_peak,,1.8,123,3,22,3,True,0,10,47,13,3,41,0,180,9,0.0464,1204290,599084,44138,35733,afe9d6b5-3358-4604-9114-d81a82bcf399,400750
q2b,c1b,4b9da041,warehouse,q2b-3,11,11,9.4,4,8,42,10,8,0,0,1,3,5,18,True,license;limits;physical,annual;risk_peak,,1.73,104,5,35,0,True,0,11,63,13,5,63,0,235,35,0.06,1423087,1061359,52440,39785,87fe955d-ab88-4bc2-856b-a37a72d795d8,264303
q3,c3,1e9edcea,course_admin,q3-1,12,12,11.9,1,5,129,5,4,0,0,2,1,1,9,True,risk_peak;tools,limits;quality_roster;typhoon,,1.58,117,1,28,0,True,1,12,86,18,5,70,0,274,58,0.0649,2161816,963868,60151,34856,e01cb413-7db5-47ed-9873-9529f76d78b0,262663
q3,c3,1e9edcea,course_admin,q3-2,12,12,5.9,1,5,137,7,11,0,0,5,1,5,18,True,quality_roster;risk_peak;tools,limits,,1.75,114,1,34,1,True,0,12,36,4,1,8,0,99,0,0.0289,1280677,44999,50767,8923,6ae5a67b-2cee-4424-8e86-dc8f2819c57c,224691
q3,c3,1e9edcea,course_admin,q3-3,12,12,20.0,1,5,101,6,7,0,0,4,1,3,13,True,quality_roster;tools,limits;risk_peak,,1.42,124,4,27,0,True,0,12,125,19,9,98,0,396,77,0.0827,2911756,1763081,66325,46969,bd03e438-7347-448a-81c0-18667bfebc7a,233742
q3,c3,1e9edcea,warehouse,q3-1,12,12,7.1,4,7,50,8,9,1,0,2,1,4,17,True,license;physical,annual;limits;risk_peak,,1.83,102,4,32,0,True,0,12,58,11,1,10,0,134,13,0.0311,1528806,40801,53521,7063,cd6a5f2d-b1b3-4cb8-9be5-c71f061b8802,221071
q3,c3,1e9edcea,warehouse,q3-2,12,12,6.4,2,8,67,4,6,0,0,0,2,0,10,True,license;physical,limits;risk_peak,,1.83,102,4,23,1,True,0,12,33,4,0,0,0,77,0,0.0303,1164374,0,52762,0,f8219101-099d-4bb2-90ba-2d2e73b31fd4,181933
q3,c3,1e9edcea,warehouse,q3-3,12,12,6.2,1,7,70,2,6,0,0,3,4,2,8,True,license;physical,limits;risk_peak,,1.83,110,8,25,0,True,0,12,35,5,0,0,0,81,0,0.0269,1307456,0,54271,0,05234b73-224a-4613-97c8-9197f010f622,210880
