branch,commit,upstream,action,preserved_by
"archive/integrate-local-opks-review-20260915","06ac2235cb0b2b09b435f5f3167f98050b5cb9f1","","new_archive_tag","refs/tags/archive/integrate-local-opks-review-20261002"
"archive/integrate-reviewed-origin-main-20260915","26cbe906640170b27849f8cfa424229f18b205f7","","new_archive_tag","refs/tags/archive/integrate-reviewed-origin-main-20261002"
"archive/review-origin-main-20260915","db98bfecb312a3b91fb9a7177f6b2241a16b4b4b","origin/main","new_archive_tag","refs/tags/archive/review-origin-main-20261002"
"codex/analysis-only-agent","2b16d11d812b9ea75ecd2d95e56c64b69c9c9fdb","","existing_archive_tag","refs/tags/archive/worktree-analysis-only-agent-20260918"
"codex/consultant-workspace-ui","f4acb5a499a46b18c5fb5b81288970c597e6eb91","","existing_archive_tag","refs/tags/archive/worktree-consultant-workspace-ui-20260918"
"codex/gpt6-luna-responses","7e47c13326b513274f1c2b2fa5cdee5fb86ee307","","retained_ancestor","refs/heads/target-rebuild"
"codex/memory-routing-canonical-read-spike","a370af94a9559bd341272b73bbd25c158c587be9","","existing_archive_tag","refs/tags/archive/worktree-memory-routing-spike-20260918"
"codex/shared-current-jd","56db1249c00efb84e5a62e3aa622406d5a441035","","existing_archive_tag","refs/tags/archive/worktree-shared-current-jd-20260918"
"docs/professor-architecture","c5650c152527bc3cf7d309eddc1e4962e3e0a5e4","","new_archive_tag","refs/tags/archive/professor-architecture-20261002"
"docs/r1-p0-context-representation-corrections","bf52f71308911c3c0e25e91438655c0a821badb7","","retained_ancestor","refs/heads/target-rebuild"
"docs/target-rebuild-architecture-2026-09-30","66bf718d42a1baee755a18b58defc23c22008892","origin/docs/target-rebuild-architecture-2026-09-30","keep","refs/heads/docs/target-rebuild-architecture-2026-09-30"
"feat/reviewed-job-analysis-slices","b37387e05ad882a2ae95258f0896c0cebc1aab6d","origin/feat/reviewed-job-analysis-slices","retained_ancestor","refs/heads/target-rebuild"
"main","469ec2f36279a5c4d3a39edca7b1c76f3ed8d235","origin/main","keep","refs/heads/main"
"refactor/current-only-architecture","9e95cdb4bf311539029f62840ab022ecaf9a5f1d","origin/refactor/current-only-architecture","retained_ancestor","refs/heads/target-rebuild"
"spike/langgraph-document-authority","b6eaa15ffd076e82231027b1d6b8221533aeccdf","","existing_archive_tag","refs/tags/archive/worktree-langgraph-authority-spike-20260918"
"target-cutover-candidate","5bccf4fbf7c4cf27bde38f99466c88a7b424c183","","keep","refs/heads/target-cutover-candidate"
"target-rebuild","916862ee7caa93b79e5ebe8f2dfc43ef224cabeb","","keep","refs/heads/target-rebuild"
"tmp/save-all-aris-20260914","c173c6029928a3d22f8eb7397e8ea7948d73d23c","origin/tmp/save-all-aris-20260914","new_archive_tag","refs/tags/archive/save-all-aris-20261002"
