stage,case_id,arm,employee_group,split,tokens,top1_id,top1_title,top1_score,hit_1,hit_5,hit_10,mrr,ndcg_10,recall_5,primary_rank,query_seconds,returned_candidates,corpus_count,hard_negative_best_rank
representation,dev-accounting,description_or_top,accounting,development,54,FFN2412-003v2,企業財務人員,0.7376922862044974,0,1,1,0.5,0.4966392596877323,0.5,2,0,805,805,15
representation,dev-recruiting,description_or_top,recruiting,development,54,BHR2422-014v2,招募甄選專業人員,0.8050853943843524,1,1,1,1.0,1.0,1.0,1,0,805,805,36
representation,dev-web,description_or_top,web,development,50,INM3514-001v4,網站前端開發人員,0.7721195364519976,0,0,0,0.06666666666666667,0.0,0.0,15,0,805,805,218
representation,dev-ux,description_or_top,ux,development,55,SET2152-005v2,FAE工程人員【註1】,0.7666845557156277,0,0,1,0.125,0.24831962984386616,0.0,8,0,805,805,102
representation,dev-testing,description_or_top,testing,development,45,SET2152-005v2,FAE工程人員【註1】,0.7895649168567553,0,1,1,0.5,0.6271448173568673,1.0,2,0,805,805,100
representation,dev-coffee,description_or_top,coffee,development,55,TFB5131-002v3,咖啡調製人員,0.7525829001637951,1,1,1,1.0,1.0,1.0,1,0,805,805,2
representation,dev-roasting,description_or_top,roasting,development,53,AVA4322-001v4,工藝產業生產管理,0.6987141693321799,0,1,1,0.3333333333333333,0.3935773014954859,0.5,3,0,805,805,121
representation,dev-food-service,description_or_top,food-service,development,46,TFB5139-001v3,餐飲服務人員,0.791157778243835,1,1,1,1.0,1.0,1.0,1,0,805,805,
representation,dev-electrical,description_or_top,electrical,development,51,MEM7231-008v4,汽車整車電路設計工程人員,0.7205880146257544,0,1,1,0.3333333333333333,0.5137444987600056,0.5,3,0,805,805,10
representation,dev-interior,description_or_top,interior,development,45,CAP2171-002v3,室內設計人員,0.7998099745810816,1,1,1,1.0,0.9073218002554915,0.5,1,0,805,805,21
representation,dev-purchasing-manager,description_or_top,purchasing-manager,development,43,BAS3323-002v4,採購主管,0.8588175602632575,1,1,1,1.0,1.0,1.0,1,0,805,805,5
representation,dev-marketing,description_or_top,marketing,development,43,KMC2431-010v1,品牌企劃師,0.7807955827588476,0,0,0,0.07142857142857142,0.0,0.0,20,0,805,805,63
representation,dev-mixed,description_or_top,mixed,development,59,MMP4321-001v4,倉管助理,0.7430727141020093,0,1,1,0.3333333333333333,0.4932376745106588,0.5,4,0,805,805,29
representation,dev-no-match-astronomy,description_or_top,no-match,development,43,MPM7222-012v3,塑膠射出模具設計人員,0.6191707838737567,,,,,,,,0,805,805,
representation,dev-no-match-quantum,description_or_top,no-match,development,38,SET2131-001v5,生技產業生物技術研發師,0.6413664102714648,,,,,,,,0,805,805,
representation,dev-insufficient,description_or_top,insufficient,development,25,BAS4222-002v3,客戶服務助理,0.6613301173465671,,,,,,,,0,805,805,
representation,dev-accounting,top,accounting,development,54,FAC4311-001v2,會計人員,0.7817650727569475,1,1,1,1.0,1.0,1.0,1,0,805,805,3
representation,dev-recruiting,top,recruiting,development,54,BHR2422-014v2,招募甄選專業人員,0.7874698789661355,1,1,1,1.0,1.0,1.0,1,0,805,805,19
representation,dev-web,top,web,development,50,INM3514-001v4,網站前端開發人員,0.7458723266362836,0,0,1,0.1,0.2890648263178878,0.0,10,0,805,805,198
representation,dev-ux,top,ux,development,55,SET2152-005v2,FAE工程人員【註1】,0.729412216499322,0,1,1,0.25,0.14528958646619142,0.5,12,0,805,805,123
representation,dev-testing,top,testing,development,45,ISD2519-002v2,軟體測試工程人員,0.8019519538981377,1,1,1,1.0,1.0,1.0,1,0,805,805,58
representation,dev-coffee,top,coffee,development,55,TFB5131-002v3,咖啡調製人員,0.7979063788134392,1,1,1,1.0,1.0,1.0,1,0,805,805,2
representation,dev-roasting,top,roasting,development,53,TFB7914-001v3,咖啡烘焙人員,0.8233007462131552,1,1,1,1.0,1.0,1.0,1,0,805,805,5
representation,dev-food-service,top,food-service,development,46,TFB5139-001v3,餐飲服務人員,0.7547844194556965,1,1,1,1.0,1.0,1.0,1,0,805,805,
representation,dev-electrical,top,electrical,development,51,CCM7412-001v4,水電工程人員,0.7764036570342471,1,1,1,1.0,1.0,1.0,1,0,805,805,3
representation,dev-interior,top,interior,development,45,CAP2171-002v3,室內設計人員,0.7881756882653016,1,1,1,1.0,1.0,1.0,1,0,805,805,54
representation,dev-purchasing-manager,top,purchasing-manager,development,43,MMP1324-002v4,資材主管,0.7820907464173152,0,1,1,0.3333333333333333,0.5,1.0,3,0,805,805,5
representation,dev-marketing,top,marketing,development,43,KMC2431-009v2,社群媒體經營人員,0.7798420551168738,0,1,1,0.3333333333333333,0.26865065808409,0.6666666666666666,17,0,805,805,96
representation,dev-mixed,top,mixed,development,59,FAC4311-001v2,會計人員,0.7543870037746054,1,1,1,1.0,0.8722072112559872,0.75,1,0,805,805,10
representation,dev-no-match-astronomy,top,no-match,development,43,SET2163-002v3,測量工程助理,0.6328827494099268,,,,,,,,0,805,805,
representation,dev-no-match-quantum,top,no-match,development,38,MPD3122-001v4,半導體產業-製造-製程整合工程師,0.5978411867770166,,,,,,,,0,805,805,
representation,dev-insufficient,top,insufficient,development,25,KPS2434-004v2,醫療器材產業業務助理,0.6529580619053337,,,,,,,,0,805,805,
representation,dev-accounting,topks,accounting,development,54,FAC4311-001v2,會計人員,0.76672167204934,1,1,1,1.0,1.0,1.0,1,0,805,805,3
representation,dev-recruiting,topks,recruiting,development,54,BHR2422-014v2,招募甄選專業人員,0.783474920474539,1,1,1,1.0,1.0,1.0,1,0,805,805,13
representation,dev-web,topks,web,development,50,INM3514-001v4,網站前端開發人員,0.7387706145256854,0,0,1,0.1111111111111111,0.3010299956639812,0.0,9,0,805,805,161
representation,dev-ux,topks,ux,development,55,SET2152-005v2,FAE工程人員【註1】,0.7174749927188129,0,1,1,0.3333333333333333,0.40563313308046334,0.5,9,0,805,805,111
representation,dev-testing,topks,testing,development,45,ISD3512-002v2,軟體測試助理工程人員,0.7975171679998582,1,1,1,1.0,0.8339912323981488,1.0,2,0,805,805,54
representation,dev-coffee,topks,coffee,development,55,TFB5131-002v3,咖啡調製人員,0.7652449622015551,1,1,1,1.0,1.0,1.0,1,0,805,805,2
representation,dev-roasting,topks,roasting,development,53,TFB7914-001v3,咖啡烘焙人員,0.8080454722935864,1,1,1,1.0,1.0,1.0,1,0,805,805,4
representation,dev-food-service,topks,food-service,development,46,TFB5139-001v3,餐飲服務人員,0.7369758494460308,1,1,1,1.0,1.0,1.0,1,0,805,805,
representation,dev-electrical,topks,electrical,development,51,CCM7412-001v4,水電工程人員,0.7704191731360166,1,1,1,1.0,1.0,1.0,1,0,805,805,5
representation,dev-interior,topks,interior,development,45,CAP2171-002v3,室內設計人員,0.7657060249043448,1,1,1,1.0,1.0,1.0,1,0,805,805,53
representation,dev-purchasing-manager,topks,purchasing-manager,development,43,MMP1324-002v4,資材主管,0.7748748114133662,0,1,1,0.5,0.6309297535714575,1.0,2,0,805,805,5
representation,dev-marketing,topks,marketing,development,43,KMC2431-009v2,社群媒體經營人員,0.7620535108351867,0,1,1,0.3333333333333333,0.2560004205762895,0.6666666666666666,13,0,805,805,85
representation,dev-mixed,topks,mixed,development,59,FAC4311-001v2,會計人員,0.7410733770830399,1,1,1,1.0,0.8013660245103043,0.5,1,0,805,805,8
representation,dev-no-match-astronomy,topks,no-match,development,43,SET2163-002v3,測量工程助理,0.6253764695785047,,,,,,,,0,805,805,
representation,dev-no-match-quantum,topks,no-match,development,38,MPD3122-001v4,半導體產業-製造-製程整合工程師,0.6156329191293692,,,,,,,,0,805,805,
representation,dev-insufficient,topks,insufficient,development,25,KPS4999-001v3,銷售助理,0.6344176975647173,,,,,,,,0,805,805,
