stage,case_id,arm,employee_group,split,tokens,top1_id,top1_title,top1_score,hit_1,hit_5,hit_10,mrr,ndcg_10,recall_5,primary_rank,query_seconds,returned_candidates,corpus_count,hard_negative_best_rank,kind,query_empty,expected_abstain,primary_in_top10,legacy_threshold,legacy_threshold_accepts
fixed,E01,B2,E01,development,407,KPS5220-004v2,小型汽車售後服務接待人員,0.720705256088596,0,1,1,0.5,0.6668416929940978,0.6666666666666666,2,0,805,805,6,positive,False,False,True,0.675,True
fixed,E01,raw_employee,E01,development,259,KPS5220-004v2,小型汽車售後服務接待人員,0.7361144621691226,0,1,1,0.5,0.5991731248476014,0.3333333333333333,2,0,805,805,15,positive,False,False,True,0.675,True
fixed,E02,B2,E02,development,664,MPM7223-009v2,高速車床技術人員,0.7701050129706559,0,1,1,0.25,0.4063250861785476,1.0,4,0,805,805,7,positive,False,False,True,0.675,True
fixed,E02,raw_employee,E02,development,232,MPM7223-012v2,車銑數控機技術助理,0.7884753610529471,0,1,1,0.2,0.33304551050294506,1.0,5,0,805,805,4,positive,False,False,True,0.675,True
fixed,E03,B2,E03,development,439,TFB7912-002v3,西點、麵包烘焙助理,0.7849426579958418,1,1,1,1.0,1.0,1.0,1,0,805,805,4,positive,False,False,True,0.675,True
fixed,E03,raw_employee,E03,development,221,TFB7912-002v3,西點、麵包烘焙助理,0.7765883569976676,1,1,1,1.0,0.9324441894571632,1.0,1,0,805,805,3,positive,False,False,True,0.675,True
fixed,E04,B2,E04,development,505,INM3513-002v4,網路建置維護人員,0.7311462484796087,0,1,1,0.25,0.45503342638485367,0.5,4,0,805,805,6,positive,False,False,True,0.675,True
fixed,E04,raw_employee,E04,development,222,INM2529-004v2,資安檢測工程助理,0.7507669951230779,0,1,1,0.2,0.35547474893089503,0.5,5,0,805,805,2,positive,False,False,True,0.675,True
fixed,E05,B2,E05,holdout,442,THM9112-001v3,房務人員,0.7675453176036245,1,1,1,1.0,1.0,1.0,1,0,805,805,2,positive,False,False,True,0.675,True
fixed,E05,raw_employee,E05,holdout,227,THM9112-001v3,房務人員,0.7569689306738734,1,1,1,1.0,1.0,1.0,1,0,805,805,5,positive,False,False,True,0.675,True
fixed,E06,B2,E06,holdout,392,NAO6010-003v3,蔬菜育苗智慧生產人員,0.7748160231341966,1,1,1,1.0,0.9737576937588317,1.0,1,0,805,805,4,positive,False,False,True,0.675,True
fixed,E06,raw_employee,E06,holdout,239,NAO6010-003v3,蔬菜育苗智慧生產人員,0.7720334462226517,1,1,1,1.0,1.0,1.0,1,0,805,805,2,positive,False,False,True,0.675,True
fixed,E07,B2,E07,holdout,432,MPM2144-001v4,機械設備銲接工程人員,0.7888562501798118,0,1,1,0.5,0.7276545800191442,1.0,2,0,805,805,1,positive,False,False,True,0.675,True
fixed,E07,raw_employee,E07,holdout,218,MPM7212-001v3,銲接技術人員,0.8131162018204615,1,1,1,1.0,1.0,1.0,1,0,805,805,3,positive,False,False,True,0.675,True
fixed,E08,B2,E08,holdout,497,PIC5193-001v3,寵物美容專業人員,0.7988723156721986,1,1,1,1.0,1.0,1.0,1,0,805,805,4,positive,False,False,True,0.675,True
fixed,E08,raw_employee,E08,holdout,219,PIC5193-001v3,寵物美容專業人員,0.8038129308692338,1,1,1,1.0,1.0,1.0,1,0,805,805,3,positive,False,False,True,0.675,True
fixed,E09,B2,E09,development,259,KRM3323-001v4,綜合零售業商品採購人員,0.6568184874878781,,,,,,,,0,805,805,,insufficient,False,True,,0.675,False
fixed,E09,raw_employee,E09,development,65,KPS2434-004v2,醫療器材產業業務助理,0.6541698831791339,,,,,,,,0,805,805,,insufficient,False,True,,0.675,False
fixed,E10,B2,E10,development,266,AVA1219-001v4,工藝產業產品經理,0.6527441843416393,,,,,,,,0,805,805,,insufficient,False,True,,0.675,False
fixed,E10,raw_employee,E10,development,72,MIM4322-001v4,紡織廠生管人員,0.6741796008452363,,,,,,,,0,805,805,,insufficient,False,True,,0.675,False
fixed,E11,B2,E11,development,443,SET2163-001v3,測量工程人員【註1】,0.6316192003928611,,,,,,,,0,805,805,,out_of_corpus,False,True,,0.675,False
fixed,E11,raw_employee,E11,development,121,KMA2632-001v3,市場調查分析人員,0.640497106319253,,,,,,,,0,805,805,,out_of_corpus,False,True,,0.675,False
fixed,E12,B2,E12,holdout,290,APA3439-007v3,音樂(唱片)製作人,0.6475770964060421,,,,,,,,0,805,805,,insufficient,False,True,,0.675,False
fixed,E12,raw_employee,E12,holdout,75,FAC3313-001v2,會計助理,0.6710710120821757,,,,,,,,0,805,805,,insufficient,False,True,,0.675,False
fixed,E13,B2,E13,holdout,188,KRM3323-001v4,綜合零售業商品採購人員,0.6106823412638936,,,,,,,,0,805,805,,insufficient,False,True,,0.675,False
fixed,E13,raw_employee,E13,holdout,75,BGM1330-001v3,電信工務管理人員,0.6142175100201328,,,,,,,,0,805,805,,insufficient,False,True,,0.675,False
fixed,E14,B2,E14,holdout,332,AVA3439-020v1,木質文物修護技術助理人員,0.6414535323585631,,,,,,,,0,805,805,,out_of_corpus,False,True,,0.675,False
fixed,E14,raw_employee,E14,holdout,122,CCM7319-001v3,傳統技術修復泥塑作工匠（三級）,0.6239946143327657,,,,,,,,0,805,805,,out_of_corpus,False,True,,0.675,False
