"Source","Destination","Action","SHA256","Bytes"
".research-tmp/eval/a-preparation-count-diagnostic-20261001.json","docs/plans/2026-09-29-target-rebuild/evidence/data/runtime-probes-2026-10-01/continuation/a-preparation-count-diagnostic-20261001.json","move","0cf481b8108db1d06a4d88625bff3763a7333a7c5f894adf24ef95b1c8fff0d8","168"
".research-tmp/eval/a-preparation-native-provider-20261001.jsonl","docs/plans/2026-09-29-target-rebuild/evidence/data/runtime-probes-2026-10-01/continuation/a-preparation-native-provider-20261001.jsonl","move","19403a944ad926dc3f8ecc4f72c40d0d732241ffb84ac362153fd51a3ca28bee","4002"
".research-tmp/eval/a-preparation-offline-20261001.jsonl","docs/plans/2026-09-29-target-rebuild/evidence/data/runtime-probes-2026-10-01/continuation/a-preparation-offline-20261001.jsonl","move","d528155061359e738718c1ce33e5a0855b60a0ab602a284d2674de41f9b35223","1322"
".research-tmp/eval/a-preparation-offline-fixed-20261001.jsonl","docs/plans/2026-09-29-target-rebuild/evidence/data/runtime-probes-2026-10-01/continuation/a-preparation-offline-fixed-20261001.jsonl","move","dc0f7d7347a1b4f8f6f59148d6c91adda11896df5ff64fc372f3388c5718ed43","2362"
".research-tmp/eval/a-preparation-offline-native-20261001.jsonl","docs/plans/2026-09-29-target-rebuild/evidence/data/runtime-probes-2026-10-01/continuation/a-preparation-offline-native-20261001.jsonl","move","efe3d4282c1babb71aea2ecd6fdbe795039f95f08293fe960e6f129566f2c349","3790"
".research-tmp/eval/a-preparation-offline-ready-20261001.jsonl","docs/plans/2026-09-29-target-rebuild/evidence/data/runtime-probes-2026-10-01/continuation/a-preparation-offline-ready-20261001.jsonl","move","50cc419ced4700795f9457b9c2ade6aca821c06ae7913f3b685b4074d3105964","3790"
".research-tmp/eval/a-preparation-provider-20261001.jsonl","docs/plans/2026-09-29-target-rebuild/evidence/data/runtime-probes-2026-10-01/continuation/a-preparation-provider-20261001.jsonl","move","dc8b84fdbee121020d6dad2bdaf6cf8cf147bb0ba3a94cea6b7c1e5d7fc7ab57","1578"
".research-tmp/eval/a-preparation-provider-network-20261001.jsonl","docs/plans/2026-09-29-target-rebuild/evidence/data/runtime-probes-2026-10-01/continuation/a-preparation-provider-network-20261001.jsonl","move","eb945647661d0b2844c2e246f2b5543d34c2b136d7640a58e9fffa046d730fbe","1697"
".research-tmp/eval/a-preparation-provider-valid-20261001.jsonl","docs/plans/2026-09-29-target-rebuild/evidence/data/runtime-probes-2026-10-01/continuation/a-preparation-provider-valid-20261001.jsonl","move","1067e9d5573fa3658746fd5c178b2f1e2b02db62bcede2200ac3e81ad0ea3f6b","1697"
".research-tmp/eval/b0-course_admin-1.json","docs/plans/2026-09-29-target-rebuild/evidence/data/runtime-probes-2026-10-01/quality/b0-course_admin-1.json","move","b3da78c23c346226652d08c9d56a7501b65b83838a2d80895e8a6aa871422068","59650"
".research-tmp/eval/b0-course_admin-2.json","docs/plans/2026-09-29-target-rebuild/evidence/data/runtime-probes-2026-10-01/quality/b0-course_admin-2.json","move","89f03bcf987f2c8c590e75481914532b422820434b217ceb3c0334e74d42d435","16126"
".research-tmp/eval/b0-course_admin-3.json","docs/plans/2026-09-29-target-rebuild/evidence/data/runtime-probes-2026-10-01/quality/b0-course_admin-3.json","move","72ad6517d4021e9e5b5eb38f1724ce24980a924a76de5aff98ab958a5161f8ef","52473"
".research-tmp/eval/b0-warehouse-1.json","docs/plans/2026-09-29-target-rebuild/evidence/data/runtime-probes-2026-10-01/quality/b0-warehouse-1.json","move","38cb4c2a235153412d41f991ebbf12fe6ea1cc77ab8192619afad5873ffcdaca","46678"
".research-tmp/eval/b0-warehouse-2.json","docs/plans/2026-09-29-target-rebuild/evidence/data/runtime-probes-2026-10-01/quality/b0-warehouse-2.json","move","447a3f6d7a917bdeaa8682c4ec39a133b5045cc6e419ed2105737d7c8b6c630a","58699"
".research-tmp/eval/b0-warehouse-3.json","docs/plans/2026-09-29-target-rebuild/evidence/data/runtime-probes-2026-10-01/quality/b0-warehouse-3.json","move","272c457c7eb8bf3c8a630920b7c9b4ddb63e738e53b67774318f2b13adb459e4","49814"
".research-tmp/eval/compaction-continuity-20261001.jsonl","docs/plans/2026-09-29-target-rebuild/evidence/data/runtime-probes-2026-10-01/continuation/compaction-continuity-20261001.jsonl","move","0fdf57d70f9b58a657cb5096cde16f1c87994f4a7ed63bb0bc4bb407e6ec02f7","1227"
".research-tmp/eval/compaction-continuity-followup-20261001.jsonl","docs/plans/2026-09-29-target-rebuild/evidence/data/runtime-probes-2026-10-01/continuation/compaction-continuity-followup-20261001.jsonl","move","374179a8344be15fdbcf74f1d981146622a843eaf2f770003c4a5ad7e9558d36","6643"
".research-tmp/eval/core-capabilities-high-20261001.json","docs/plans/2026-09-29-target-rebuild/evidence/data/runtime-probes-2026-10-01/journeys/core-capabilities-high-20261001.json","move","8e8eac0228e141d374cf6a3ac8a31cd0e99915d19c63927393c8c14a4b96675b","63520"
".research-tmp/eval/core-capabilities-high-retry-20261001.json","docs/plans/2026-09-29-target-rebuild/evidence/data/runtime-probes-2026-10-01/journeys/core-capabilities-high-retry-20261001.json","move","49037d17f1d8e93c2019402fbfa1d2b2a7dc50dbb2d3772aeba554345860fe7a","91016"
".research-tmp/eval/core-corrections-20261001.json","docs/plans/2026-09-29-target-rebuild/evidence/data/runtime-probes-2026-10-01/journeys/core-corrections-20261001.json","move","aa192bcfdbfea93d03721b259926deca6abec628ffb2533f989d05e4840b6b5a","3521"
".research-tmp/eval/core-corrections-source-20261001.json","docs/plans/2026-09-29-target-rebuild/evidence/data/runtime-probes-2026-10-01/journeys/core-corrections-source-20261001.json","move","08bd988753e4dab58e8467aa21e70e1e2cc7a137d274aa6e465571ca315da89f","11877"
".research-tmp/eval/core-journey-20261001.json","docs/plans/2026-09-29-target-rebuild/evidence/data/runtime-probes-2026-10-01/journeys/core-journey-20261001.json","move","ef47ac8ee2246c6f2376059c96b489e9e3a7c075291dce0084209b3cfec80652","47821"
".research-tmp/eval/core-journey-high-20261001.json","docs/plans/2026-09-29-target-rebuild/evidence/data/runtime-probes-2026-10-01/journeys/core-journey-high-20261001.json","move","dbb1d46495ce6367119c224d98e34be15f5dd22649b46ab245258c12fb48e644","51259"
".research-tmp/eval/core-journey-sol-20261001.json","docs/plans/2026-09-29-target-rebuild/evidence/data/runtime-probes-2026-10-01/journeys/core-journey-sol-20261001.json","move","3dacfee30041966f834bf06bf4ed21bde203b7bbfd871cd194cd846f5d866d05","238460"
".research-tmp/eval/core-journey-sol-context-20261001.json","docs/plans/2026-09-29-target-rebuild/evidence/data/runtime-probes-2026-10-01/journeys/core-journey-sol-context-20261001.json","move","451b975916ad1a1f4e1ac2430acbec9452e21760c09bb423905a95857f5ee441","8260"
".research-tmp/eval/core-journey-sol-pdf-1.png","docs/plans/2026-09-29-target-rebuild/evidence/data/runtime-probes-2026-10-01/journeys/core-journey-sol-pdf-1.png","move","e9a5d81c3ead67fcff292dcee0600048a9cb85230cf6b1e4766b17fcb090f9c5","180866"
".research-tmp/eval/core-journey-sol-pdf-2.png","docs/plans/2026-09-29-target-rebuild/evidence/data/runtime-probes-2026-10-01/journeys/core-journey-sol-pdf-2.png","move","0faa0192dcdc4b2ec6d1126c5bc39c0ca4bd17f230b107d3e3c38b47b1ea4031","200668"
".research-tmp/eval/core-journey-sol-pdf-3.png","docs/plans/2026-09-29-target-rebuild/evidence/data/runtime-probes-2026-10-01/journeys/core-journey-sol-pdf-3.png","move","3886e0561d50cce135dedeeaae42499b65b39da67b3e93093f150244afcb6028","199220"
".research-tmp/eval/core-journey-sol-review-20261001.json","docs/plans/2026-09-29-target-rebuild/evidence/data/runtime-probes-2026-10-01/journeys/core-journey-sol-review-20261001.json","move","1507f61b6ad4a718327778b3c658a7df11194a3f8a47b34620be3fe97302d4b7","22828"
".research-tmp/eval/jd-tool-descriptions-20261001.json","docs/plans/2026-09-29-target-rebuild/evidence/data/runtime-probes-2026-10-01/quality/jd-tool-descriptions-20261001.json","move","c2da23a805c2a4ef8e17620555da7f55dcf9ce1e7c0c011b8ef8e5b9c52598cd","95"
".research-tmp/eval/jd-tool-descriptions-direct-20261001.json","docs/plans/2026-09-29-target-rebuild/evidence/data/runtime-probes-2026-10-01/quality/jd-tool-descriptions-direct-20261001.json","move","ff53b45f375e6cd221a18fc746cb162452e4194ff3bc886bbe1851161ce5b847","7943"
".research-tmp/eval/long-procurement-1.events.jsonl","docs/plans/2026-09-29-target-rebuild/evidence/data/instruction-experiments-2026-10-01/runs/long-procurement-1.events.jsonl","reuse_existing","faef5a53f8a56666f3cea2eeafc3dabe00ed8dd58713428cc0bde9fcde8eccae","8637"
".research-tmp/eval/long-procurement-1.json","docs/plans/2026-09-29-target-rebuild/evidence/data/instruction-experiments-2026-10-01/runs/long-procurement-1.json","reuse_existing","d20d0542cb0e736559c5beab18fa821bb0e460009f413b08f60ba4874b46eac8","128059"
".research-tmp/eval/long-procurement-1.pdf","docs/plans/2026-09-29-target-rebuild/evidence/data/instruction-experiments-2026-10-01/runs/long-procurement-1.pdf","reuse_existing","335a4762e140a446b3b728948a0257a05c5cb85708a51a3f6f8d024022f9c451","946590"
".research-tmp/eval/long-procurement-1.progress.jsonl","docs/plans/2026-09-29-target-rebuild/evidence/data/instruction-experiments-2026-10-01/runs/long-procurement-1.progress.jsonl","reuse_existing","e16746046ada5f42722334a97f04ca02b7b7599246490c8f8ba7f40ca77146d5","27089"
".research-tmp/eval/long-rehearsal.json","docs/plans/2026-09-29-target-rebuild/evidence/data/runtime-probes-2026-10-01/journeys/long-rehearsal.json","move","a164a66890d65f939ee4d7a878652cb1cd86976ceb5d37448af80f66ba562fa2","22651"
".research-tmp/eval/long-rehearsal.pdf","docs/plans/2026-09-29-target-rebuild/evidence/data/runtime-probes-2026-10-01/journeys/long-rehearsal.pdf","move","2b7dc2da5d1adf5fccee6b5eb6a8aec29c5fc2dc5b2f3d5ec2f5c707a790f6a6","495905"
".research-tmp/eval/long-rehearsal.progress.jsonl","docs/plans/2026-09-29-target-rebuild/evidence/data/runtime-probes-2026-10-01/journeys/long-rehearsal.progress.jsonl","move","3fa57b41d7e80e328bb20ed9967bf2b58d2ffb20b1b37ce26c2d878992fff83f","2929"
".research-tmp/eval/luna-closing-turn-20261001.json","docs/plans/2026-09-29-target-rebuild/evidence/data/runtime-probes-2026-10-01/journeys/luna-closing-turn-20261001.json","move","064107372180c046254954dc335c0e42094205c565b8afe2a86763e4bfd04df2","170965"
".research-tmp/eval/luna-rate-headers-20261001.jsonl","docs/plans/2026-09-29-target-rebuild/evidence/data/runtime-probes-2026-10-01/continuation/luna-rate-headers-20261001.jsonl","move","7cd970196c769ebf3a2cc20615d0fa5856d08764274fc05fb3d67d978485b29a","1439"
".research-tmp/eval/luna-xhigh-20261001.jsonl","docs/plans/2026-09-29-target-rebuild/evidence/data/runtime-probes-2026-10-01/quality/luna-xhigh-20261001.jsonl","move","cf973fd5d4dcd4eaed283d748494b81c3b193347b37485c72980982f0c3cc2b6","4289"
".research-tmp/eval/memory-jd-recheck-luna-20261001.json","docs/plans/2026-09-29-target-rebuild/evidence/data/runtime-probes-2026-10-01/sources/memory-jd-recheck-luna-20261001.json","move","dc43fa15f92cb4b6e4b1e906a9a07d4be025e9c2d9fa67f0fcb64d44ea60dcb8","7749"
".research-tmp/eval/memory-jd-recheck-luna-audit-20261001.json","docs/plans/2026-09-29-target-rebuild/evidence/data/runtime-probes-2026-10-01/sources/memory-jd-recheck-luna-audit-20261001.json","move","fbd285d992b9917c3445e846bd55e1f2c9dd7fb6d8e1c22a87cf78d871a86fbc","16134"
".research-tmp/eval/memory-jd-recheck-luna-network-20261001.json","docs/plans/2026-09-29-target-rebuild/evidence/data/runtime-probes-2026-10-01/sources/memory-jd-recheck-luna-network-20261001.json","move","07c191f7aa9677e5dea23202b506a0265584b34984497fb7a29413d77dc18bf7","10094"
".research-tmp/eval/memory-quality-20261001.jsonl","docs/plans/2026-09-29-target-rebuild/evidence/data/runtime-probes-2026-10-01/quality/memory-quality-20261001.jsonl","move","02e9507b05da8a90a71558a0f956de05adc4758cc667226ccc63de6f955ad884","81709"
".research-tmp/eval/preparation-quota-20261001.jsonl","docs/plans/2026-09-29-target-rebuild/evidence/data/runtime-probes-2026-10-01/continuation/preparation-quota-20261001.jsonl","move","30002ff31cde3cc1f4f815fef8d633b21130be7a47f45426adf19c5d4641a9e0","3948"
".research-tmp/eval/q1-course_admin-1.json","docs/plans/2026-09-29-target-rebuild/evidence/data/instruction-experiments-2026-10-01/runs/q1-course_admin-1.json","reuse_existing","e9971ec2c851862f98bd49292f7305ef683b7ef07c3bebf96229dfe81761358f","49929"
".research-tmp/eval/q1-course_admin-2.json","docs/plans/2026-09-29-target-rebuild/evidence/data/instruction-experiments-2026-10-01/runs/q1-course_admin-2.json","reuse_existing","d449139ba58efbcf7d8293e2530dcb9e392e85073945d0b8f9b4b9621ab31063","55911"
".research-tmp/eval/q1-course_admin-3.json","docs/plans/2026-09-29-target-rebuild/evidence/data/instruction-experiments-2026-10-01/runs/q1-course_admin-3.json","reuse_existing","cfd3f9b0b586e4c4a04eb20cc5a8dd3681071507cc38726790aea0c75ce73d0f","65341"
".research-tmp/eval/q1-warehouse-1.json","docs/plans/2026-09-29-target-rebuild/evidence/data/instruction-experiments-2026-10-01/runs/q1-warehouse-1.json","reuse_existing","b49e4396c5f27a9e7d1876987551f0e3c38cc7bcd8721bef3af6ebe25d85c4de","60492"
".research-tmp/eval/q1-warehouse-2.json","docs/plans/2026-09-29-target-rebuild/evidence/data/instruction-experiments-2026-10-01/runs/q1-warehouse-2.json","reuse_existing","bf410a8e538eae461e1918e333e4d56a2bff9ab0ac1c95b733e135899c776fe1","42191"
".research-tmp/eval/q1-warehouse-3.json","docs/plans/2026-09-29-target-rebuild/evidence/data/instruction-experiments-2026-10-01/runs/q1-warehouse-3.json","reuse_existing","bdda53f388c2de8229e86dbf8cff786fd145a0ee39bd305b31c2e72c20847b3d","55201"
".research-tmp/eval/q2-course_admin-1.json","docs/plans/2026-09-29-target-rebuild/evidence/data/instruction-experiments-2026-10-01/runs/q2-course_admin-1.json","reuse_existing","ab49d8923fc060fe330a29185ed2436540aa1f5a2f74303a333311340869ef33","69527"
".research-tmp/eval/q2-course_admin-2.json","docs/plans/2026-09-29-target-rebuild/evidence/data/instruction-experiments-2026-10-01/runs/q2-course_admin-2.json","reuse_existing","b0cfa8d22a9f05f599cb58fce79351fa018636bd9cadee139b5eec153d470f94","61560"
".research-tmp/eval/q2-course_admin-3.json","docs/plans/2026-09-29-target-rebuild/evidence/data/instruction-experiments-2026-10-01/runs/q2-course_admin-3.json","reuse_existing","c29ca3ebb690743e6df79feb06f4999db32c79bea3e4232127eb0efcf5976e83","61963"
".research-tmp/eval/q2-warehouse-1.json","docs/plans/2026-09-29-target-rebuild/evidence/data/instruction-experiments-2026-10-01/runs/q2-warehouse-1.json","reuse_existing","a0c6144623be345f0fa603757149585f29109fc167d3bc099a88480bfb077db8","74985"
".research-tmp/eval/q2-warehouse-2.json","docs/plans/2026-09-29-target-rebuild/evidence/data/instruction-experiments-2026-10-01/runs/q2-warehouse-2.json","reuse_existing","71aff6a3dcd11a524e795a424ea6d02c65b6a6c279704286c8306f2c1770f5b8","82038"
".research-tmp/eval/q2-warehouse-3.json","docs/plans/2026-09-29-target-rebuild/evidence/data/instruction-experiments-2026-10-01/runs/q2-warehouse-3.json","reuse_existing","a381041664ff92b0af11f77f1541f30adb5e1c1fa9196203b94f88e5e075131e","61835"
".research-tmp/eval/q2b-course_admin-1.json","docs/plans/2026-09-29-target-rebuild/evidence/data/instruction-experiments-2026-10-01/runs/q2b-course_admin-1.json","reuse_existing","6fce009e0f99e17f5e634533fd5db6230586718595209bd5b9f60a0928b6bbd4","60791"
".research-tmp/eval/q2b-course_admin-2.json","docs/plans/2026-09-29-target-rebuild/evidence/data/instruction-experiments-2026-10-01/runs/q2b-course_admin-2.json","reuse_existing","adce0b188529d298d4c0d4e4c34754779f159287d06f1c0a42ff450ea2eb3888","56286"
".research-tmp/eval/q2b-course_admin-3.json","docs/plans/2026-09-29-target-rebuild/evidence/data/instruction-experiments-2026-10-01/runs/q2b-course_admin-3.json","reuse_existing","a606c4bf22f359b4ce6c6e390983c0f899270b55e14a45805df976f35019d354","63849"
".research-tmp/eval/q2b-warehouse-1.json","docs/plans/2026-09-29-target-rebuild/evidence/data/instruction-experiments-2026-10-01/runs/q2b-warehouse-1.json","reuse_existing","84f55872d078a2144a6bc4db8e78ac9c763a3cf5924f080c1dcc6022e1148ff7","43310"
".research-tmp/eval/q2b-warehouse-2.json","docs/plans/2026-09-29-target-rebuild/evidence/data/instruction-experiments-2026-10-01/runs/q2b-warehouse-2.json","reuse_existing","ceb2aabd0d123eccd10035df9a6edb6d372095aaf563406c1fda3af971e74366","41839"
".research-tmp/eval/q2b-warehouse-3.json","docs/plans/2026-09-29-target-rebuild/evidence/data/instruction-experiments-2026-10-01/runs/q2b-warehouse-3.json","reuse_existing","d61726447f17dae58fc437d9a18fb9ebcbe26ed6e74639ae0bfde09df7066533","55683"
".research-tmp/eval/q3-course_admin-1.json","docs/plans/2026-09-29-target-rebuild/evidence/data/instruction-experiments-2026-10-01/runs/q3-course_admin-1.json","reuse_existing","4941801b51ecc930cc06eb91ae53afdc9b090dc71b237e164ed5a7ba4d4e432a","46453"
".research-tmp/eval/q3-course_admin-2.json","docs/plans/2026-09-29-target-rebuild/evidence/data/instruction-experiments-2026-10-01/runs/q3-course_admin-2.json","reuse_existing","f58c3299a5aa2e1a16bb1acc77b524383d3b05cfaed6c09b8141a78b9894b3a7","54634"
".research-tmp/eval/q3-course_admin-3.json","docs/plans/2026-09-29-target-rebuild/evidence/data/instruction-experiments-2026-10-01/runs/q3-course_admin-3.json","reuse_existing","66f38f1bf17e9ac22448b818a9243e817d5627bd09fd41bb9e8b51b9041c8dca","53833"
".research-tmp/eval/q3-warehouse-1.json","docs/plans/2026-09-29-target-rebuild/evidence/data/instruction-experiments-2026-10-01/runs/q3-warehouse-1.json","reuse_existing","5b39e730c0474b1eb4a30e0128301366559d40ff3517247faf05f3901b3c09fa","57986"
".research-tmp/eval/q3-warehouse-2.json","docs/plans/2026-09-29-target-rebuild/evidence/data/instruction-experiments-2026-10-01/runs/q3-warehouse-2.json","reuse_existing","9ab53d5a5920d48f05587b995cdd1209b36f20e8e989006ff5ffea843e1942b0","39228"
".research-tmp/eval/q3-warehouse-3.json","docs/plans/2026-09-29-target-rebuild/evidence/data/instruction-experiments-2026-10-01/runs/q3-warehouse-3.json","reuse_existing","779180b8529a47e47f740dc6d57b621c1e1adf8eaa6d1482f9b99e249aaf57eb","43562"
".research-tmp/eval/reasoning-effort-high-20261001.jsonl","docs/plans/2026-09-29-target-rebuild/evidence/data/runtime-probes-2026-10-01/quality/reasoning-effort-high-20261001.jsonl","move","ba820af92bc913d8a3a9deb0cd736bc2d7644f17c71244f259c56253102db3ab","7337"
".research-tmp/eval/runtime-compaction-20261001.jsonl","docs/plans/2026-09-29-target-rebuild/evidence/data/runtime-probes-2026-10-01/continuation/runtime-compaction-20261001.jsonl","move","b6f470fe0505e7c9c5a31f114c479eb50e944d764bf31266531cb6eebbd0ebbf","2017"
".research-tmp/eval/situation-precision-20261001.jsonl","docs/plans/2026-09-29-target-rebuild/evidence/data/runtime-probes-2026-10-01/quality/situation-precision-20261001.jsonl","move","a8a2f95b2fdef4a8302eabe39774e76a34c1e06f65a534a5a00269acea563740","1133"
".research-tmp/eval/situation-precision-network-20261001.jsonl","docs/plans/2026-09-29-target-rebuild/evidence/data/runtime-probes-2026-10-01/quality/situation-precision-network-20261001.jsonl","move","f5579af40e6c86d3d4a68321d00e3fb49ea4cb36b3e4bc975cc1728066e82789","3321"
".research-tmp/eval/situation-precision-remaining-20261001.jsonl","docs/plans/2026-09-29-target-rebuild/evidence/data/runtime-probes-2026-10-01/quality/situation-precision-remaining-20261001.jsonl","move","fa418c89c22694da32cbd85c1e6a2c5c0e90ad3787edfacf4602a679fccea0ec","9899"
".research-tmp/eval/smoke-course_admin.json","docs/plans/2026-09-29-target-rebuild/evidence/data/runtime-probes-2026-10-01/journeys/smoke-course_admin.json","move","74495ee5a646096376888bacb574ef147cb86b07276a8a384c4d514dfc7324b8","15864"
".research-tmp/eval/source-compaction-20261001.jsonl","docs/plans/2026-09-29-target-rebuild/evidence/data/runtime-probes-2026-10-01/sources/source-compaction-20261001.jsonl","move","bc12cde17a544579f1b8da5d99bc8f33f15fe5f265925c79151fe066fd663a06","5366"
".research-tmp/eval/source-model-20261001.jsonl","docs/plans/2026-09-29-target-rebuild/evidence/data/runtime-probes-2026-10-01/sources/source-model-20261001.jsonl","move","bc07dbc4d139943fd0aa5da3bc2121713711e7125dce60951bb1a1623f0d4f65","6258"
".research-tmp/eval/source-only-recheck-luna-20261001.json","docs/plans/2026-09-29-target-rebuild/evidence/data/runtime-probes-2026-10-01/sources/source-only-recheck-luna-20261001.json","move","6d739c480a35f15058a771a7ce8d82aa5091603b8c15e2f9b19825a44184a991","14129"
".research-tmp/eval/source-only-recheck-luna-audit-20261001.json","docs/plans/2026-09-29-target-rebuild/evidence/data/runtime-probes-2026-10-01/sources/source-only-recheck-luna-audit-20261001.json","move","4d6416ed271b6242ea633e2126b7f84e743d0fc3a916712dafc424332eecf956","27514"
".research-tmp/eval/source-order-20261001.jsonl","docs/plans/2026-09-29-target-rebuild/evidence/data/runtime-probes-2026-10-01/sources/source-order-20261001.jsonl","move","507e9762827f2a52b75561557b0fd817f26c04f56bcb1484d5aad1d9c63ba342","8212"
".research-tmp/eval/source-retention-20261001.json","docs/plans/2026-09-29-target-rebuild/evidence/data/runtime-probes-2026-10-01/sources/source-retention-20261001.json","move","a1e0377aadafa9ff44ca863fc1d9014fc1a351516cbf2b71482d484d06563185","10779"
".research-tmp/eval/source-scope-20261001.jsonl","docs/plans/2026-09-29-target-rebuild/evidence/data/runtime-probes-2026-10-01/sources/source-scope-20261001.jsonl","move","76d45370064a6e0ac8d1ad0d5110853024275c4070426c83132c88bff018039c","4834"
".research-tmp/eval/step-160k-20261001.jsonl","docs/plans/2026-09-29-target-rebuild/evidence/data/runtime-probes-2026-10-01/continuation/step-160k-20261001.jsonl","move","8e7cddb267740ed7c48d0cbb13b582bf84cf325fbf668522b16b455179dc99d8","4298"
