old_commit,new_commit
00c0715e30966160384bd4d9a491c08db7957240,98e54b06bf83ff3af82bc22ebffb23cbf44ec5a1
00c3449b363064c20064925c80a1abc8ac76275f,b811afbdbcf3c7900d2ae40a926907011e293e25
0139ba34ca6b15a65e09e4e7b5c725b06d8c8c22,8d6af40705e5b8f24fdbe4e1f15ab009804e6983
01b9350059d6b3e414d964835ddd9c12239f4ad7,1f80c9fa8c7a034f98d3f84cf0706b7d1548128a
03812d8763854bcbad01068cd06b20d36bc4cc19,d7d1db2257bedf1fd1afa1813d912a3012586931
059b5ba5535ca9900e5a1a425b706a82dcfdd108,1b14435c711a47923737ed3e432ede639ca811df
060684a7f519be5e9c8f4af5fe34ff406e346c61,c79b691fd9273dd0bd19e6006f93b2cf6b21c838
0641beffbb304fd66acf7311095b992686e6ee6d,b1a84ebf273b45aa57127a30cedf70ff5ee70fb9
06c60ea6ef968b26d2d9bbdefa96cc1b298196b2,f2530de5f8cee9aeec030d87bc05abbbe57ad654
07a2d27af016017c3b771a0482d58132cc073945,8fa6760fa8183b29517db433382c843298758684
082d4d5f7c9291ea6dd2a6369b5e03b4aac35217,96bfc668deee4c0475f9409113cac14f336ff66a
09fb3b508a1f5dee68b68a57531bc633ab348193,c04ec99f49d16e0d27244a1ec114029980ee117a
0b37c31595cf19f3969af5687bd2dc5debf652ea,879493ef5e4844314d29172437ff4bbcac825b91
0c294f42ef1fcebb72ac4a14e5abc77710a58f5e,67b0cdba17823fa6e3f7615f026ec628a3a215f1
0f7af22133b07e5aa657f60fee4dcd25ae908a06,e292dfbd0d079b115dbec17af9f9e01575c564af
1198509f8cc2d4c28a4c39f05d332a20521f1959,82644f0213a480cf7c752d4bbccaac6eafc5000d
129f60f1441a983513889d04e35cca2caa92b279,43b163bdf5587782c336338669d6ec438b44fd53
143783e355c52ef631a534783bb5222f4d14845b,7fb1bb8e88a68c378df63d0e687ce9b123dc1e09
1450d0e10c20c4098be574695af1b5d49ed0071d,cf46d1cb0430d21258abbfaa8169d1164e89f8a1
166dd96099a6be88a98c3925ad29bcc59b1d9993,8a909b80ce2d68e6d8b321ab22315b593b270cde
1af49ec0df90df3863543ac56a4e87ac6153b8f6,0b037da3935a8fd6384e1f6017e5dd201b64f17e
1bee07bb29284b479774e0ea754b0d08f69953ff,3eceda391d82052b3be70913441e02cdc0f21be1
1bf5f1b302570c8bbd1c71ecb554f4ccd016e4c1,1afe7e7f6a33a8073afbcbf9f6f0549e3490c4a6
1e9edcea7da1690965a4187e0f1b5e1f4873c6da,a1f81b4624a725e8e7fe9afe52ae2bbae2d139f6
1efb5b859c92cf3b8573b131c17b5f4de0976559,d55e89a2764650d4249a3973a360d8a310c3d2e4
20e8ecad391bdf5d00a4655d1a6a8cc682f439aa,7f8c2cf72743623d17d12aa8a87bbbe6a08c688a
2421fd51aaa31fd630ad25cffd96660dd5ab5c62,55e3b6bf51ad91f62114d8c80078d2c836592b97
257103997cdda96bf278c1dd840230a4e04b1024,ad9c9ec669f1bbb83b206cafdcf768b1cdd6bd9f
26e03967d1f8a483d73e5964347726fbe3967a6c,52ebea82af33fc8841d4d02564592548f9f1df16
2778da8e51f098b6440031f222691f69d0ad75d0,44c0468bff3a40b2f049661cf63d32b1f9d9fd3f
2839731151788ff65a184a73055b69b8fbd15b34,0b9fb8612c29fef042615d00888bbdbaf372b8d0
28e7d214fc8dd8d730254f3b1fe43d6951662457,ed99e1f910fab204231b3c0fba8729a21368e526
29b83bb174260302fc5b7c6dae67645520b26541,d67e459b76669ca00b216f3b71ad564879aeec72
2a03dedc3f8bf1cd9ff434d31b655b2fef06dd57,7487a829d6019d069633902249271f64ff674381
2b486a122c7ec5934a8b34174af4463c9ccf7567,a74e65a79306cf4b59fcfc7db9768a5474111a3c
2be431322a99a9da9bae342a59ca4543d9810a1b,a221a6be1c4e52863cd5be0a7b39a4e3ef884d1e
2bf929e67817606d869d674cd827007f00c5cac0,48b4cc901d491d17038964bf8d95c98c6a4a6845
2c70f0effc91dd120951ebafdfd92749411dc225,a446172991eb340bd42d93a9f2e93a2321b299f2
2fdc6cad868c089a0abbe5853479fcf3b2ba6a16,3f398572d6c8fc1aee2415ab995b65f91437e910
313acc54c218cf741814b20ebec3ddc0d4de6764,c96263bf79c19a69c68e2064f804d09279f8ef82
32e3ea5ed4f0fed1876de9f2ebbe3c64c7706f9b,3645ed595f937359fba09b92642d163d057ec3df
33fd9cfde47ccd71137cd07aa3328f0bfbe568ab,e8ae494913a2203a33434850215e5e5b5e905d20
3627144dcc4b089ac1fcbbe1c707613a0ad9f7d5,4c0505766678216c9b578310ff991fa7ccca0698
373968ed2110aee9c1c1956ad9727122c3ea6d65,1b8b39a27ea72a48a83c53d9f717b5118489b9e9
3cc4f74cdeee9d586a087ca2bbf0b0a759970bc5,7353f6c3f186f136ac0457e37f03105e5fe44c60
3dc82ff7dbc2b2851d8f48af8a3098da5efcf767,ee6ffe4af41bc01bbc41f4454116941bc6feb565
3dd5235586354245c0c7b24e6880dd0418cc5b57,a771b4f775ab71d8922375e8c09a1c5a7abc48ed
3f317450ccbdac3ff31a637db65c20fcd5a2cecd,e136b30613a42dc3f800da13562837e77969f2ef
40dc7d7c0b3a015f59f012d08a385ecd9e3fb47d,ba2ca7bd9d13917b33ab302bcbf6b93b3b4e2ff5
40f7c1f95f705a536c0a28f486941da3bc739b7d,faf705a472ed8a8e946acbb8e605089887466dcb
4266ee0db6cc4cf7e2a1108c795733537bfb9f37,ecfd995b2e85933967ada0f1dd54bca746a32a44
43a19ab925d60d19202260265ef482a3939e78ed,1365f612a1cb2c32aaf219d4bd54cec81afa786d
448280166622f50596f1fe57ac41c9ed1d9edcc7,8e87094a56816fabc931efed49ea819188fb8518
44ed8f7d8e45d3584d17037a8f30a9ffdca99ebd,8a5f343a3ff18c1a5e5e9942ef1898909da92294
459850941eb764c345af5a366a551fadce312668,2880831208de33707be13de167e0cb6898c886e0
459d0b57a3e5babe9eebb83647dcb91346afd091,350694fac7b6a870fae74de1d43867ef031cfeaa
478abcf8a14d544213663062793d3d79df7d2dda,81cea8ceaa20b20f5d4d3fe550e8c3b98cfb5b26
49c04e792ae2509efd60a71ffa59848063f17b2d,a464375af826e67e5719275639b4e9a3c217cd38
4a71e0b141f532ae3987bbf1ad6d14e21002cdec,439081169c1143c8a1341c97f251a9b5386aefa1
4a85f6ebaa2c6ac723967fe3c95acf5b15421db3,4923697b5e4afb83855a4f30e043d6f5bc82f8d9
4b20f1ed30f4e5fad2cbc62fc4f7665eab56ad2e,4770a0f9c1eb3b884aa60de29711bb888b300220
4b9da041a9f232e4033e14d30414606277c0224a,fd8defcbd69a81833eac0acba60373d8b3f446ac
4c70432242fd807cabd62b70b01ad5e6084412c4,e8714b3b994717368e3a66579751bca6da5dbde9
4caf748cd40d3895758605982d7e050a9f7d3e58,761acdd6ac62fb16f1074d648af1f667e88427f6
4d5759f4f2f16ac11372cbe0d353d194fd6aac1b,4f8477ea7517bdc6911fdefa160c6b0202f8279f
4e673cf89d7ea497d309028ce2ced3ac90ef5e03,28076a2936d620c3b5de833bcbdd0ece4d47c7a0
4f67929a684d0a482085fec3f02c465c8951b9b6,0b060fbe0c8b127bc0d1bdde1c4dbe400d91b190
52b559514669c63cce37146379d5dbcb94aba71b,135e2b3cefd70d3d580f9a5852e5dd64515dfa7c
536ea7748e755479a2920b53a89cd7e29cee7e62,1aab5ffe12289fbad3dea98b2ecb8a33b7b73b25
542dc1f3a3bc43baece6f3b792ac9a9b28f1d000,5c3e0f6723cbd2bc4c77604e132dc01e04291831
566a3529d2f43135299f5c07637d18cd25b10d4d,4d14ae27c404e08168790f099da55535ae061980
57db0b5f802ee3075e693cf7b70568ae5acd5839,1ec4bc51914af11eab094321ffd0d34daf4d0c03
583aec0d490c5c29da42a8a6a5e627411dfcdfe4,8dc981289371c9109332935e6d089ece19207cd1
595dc097351eaad4c5e93699ab1d2f228fcbc938,03c3ac0ed7d823e4dcc40cd02949e58e32ad2879
598daff275263da9b613fca3bd0d0716cfb023c4,3e8cb8834505ecee0f1057df042bf4ebdf0119e9
599afb335937695c9a253cdf61293c407c5466f3,4bdc8d0544ec05702ceb0539d72504dc83ae3b69
5c5b09b8f0a33e7bfc49a81da9b0f4cbeabea0af,91e5da788a98a98a335f3fa2a011ee711c35dac0
5cfbb1da3a09bac2b9069392e9533bd029eb7cee,2beac9018fa3a5007dbea03fd6242bcfa885b369
5e35ddee316308b20eea2b84a6b6b45757f0bb6b,3981cfad8ac925f8361afed3520313815ffaba9c
62d547f92a717978dbe9cfaffb68d1035d327019,e88e0f32e9dfa8f4b4c026569a896ba0556d9a39
62e463fec549300b342bc1c4d2cc9df182c5c1b2,46548e0e556bc6f30f86083506a1ab1defc2e12a
63c0e5d6bdf8b10a306b6ef69ab81137701b167e,4e66677643b2666712285542f5ddb74a82adf368
6418348ce011f5b4d0b7a92ef46655220c78a719,37ef63e46c27e160a990f47e194a11369d1dbb75
649d9f935c5c5d85c9a1f16953eb725822fe7301,e2edb3e63f20faf158c0cb64480e4c7154b2eaf3
653340e4a42fa65554578e110827ed24e18487dd,7658e618e6a193912df9c96366329af5e250722e
6774bb8900279d77f2ba2a1ac59ec094ead5c946,38fcdbf897c65fb41ac7f9c3d500fd9fafd3b3b7
67ebea87d83977e28f09b724c6a2d158bb38ef8e,af6b5ee444ab4af606b804ba9671cab230e401e5
68fbb018ba740ef3471aad1a497368617083243c,5b88a48c8a112aae19643b48feff7158c0ae558b
6ad33bcb2ba262c646f252dd4a115ab06ce2fe15,9754c0172ec66eb05328f059c12db9f4c7ca12da
6b0eb91817baa044caf4f10cc249010419601851,b807175e457bc305009f3f0f1a47b96406ad4aaa
6b795985ffda9f4a42521cd28d803897f97b4a11,2ef1a5061e10c1760cd2e454d53c8e97861e9e7a
6cce6289f40e460312b1564d2637b6b9f7582883,09917f2073be74e5ee2be734b44317ea49531bdf
6d0f38c2e770c7b9779ffd4cea531bc80454311a,9e5b0ee185f7e8e8966444a5a85ac67a2ec46a4a
70a3e0039fe9abe07605bf8af661ad700a4f02fe,4dc48a84ce13436e2cc6385a5d8c657bf04f6de7
71b624e1ee140342d7faf313cc7186c68b3fa9f8,2358e6ecce7e3d5402c25240bf92ce4f14c27692
7482ff3d91f05e9381100ddf1bf39dfcbc8d5f53,0762b7554514cfc3f0cacc31869da3b0ba3d7d79
75f40efd22ebe07dff8be7facf13d579890bb883,3b4b21c58c77cb4c4abc2bcf852026d26e0f7777
76729086df14441f38b3f29c95d73a65cf06edc9,60faaa778b05aaf5fe8d53ab7790ba2bda9701a9
7681963d62201a68d047326291c01f0143ead531,01f106b4c9ccdb015395609329cad8416ad781e8
7689100e9c8c745ec31123dc3491e03ce6b797c1,5907cb64314002be8185d8d99db821da6b3306f6
76f998670581837ffbf1c769acd642eed4690efc,be83056121d5b4c30d2d6fcbc492a57f6a259572
775aa786de26568fe598ac0720963ee0612fa3d8,e344fb704cf9f00aa07107798e2905c455a480b8
7802862cf989b1aec4656ffd56c71aed49799fee,c32411f91e55db454cbb5073224ba29105257d4d
79b773ee57f7959b6b345851732b94f15a202771,3fcce936a9cd10dbcccce01eaae4215fa7518138
7c4a383ddd1a3845c2c1c2154f2aabbea7544955,3d4775871fe17a6e46e56171175b71122f26b89b
7d63173758d2019d7cec0d82382f742b9005b178,230a4ec75794d7537babc5cc7a897fd293fa8056
7d8d7eb473db8950f4531f0b3a63050476e2302b,26ee74ba5a8c4b6160049f2609dfd3cfcbd34859
7e47c13326b513274f1c2b2fa5cdee5fb86ee307,40bd50467fe7e813d889fc0722debac7d882f8f9
83218f39c42914d5f4c0e39a613cb87c4292f757,48d62c81c793280730872138edf7df6a88b37ab0
8397942146c71582212b869f3205c3c43a0aa315,fbc65d0e32dd490008c48a376388e1bc21e29048
87d8b7e8256d1a3c3f6c95d5b382108fc999b015,d1e10a9ec2cf36d5a8523f18f6a4bf57bc45f968
883f390ee5870285517942a4a6892843b21f0465,8eca83a4aeadf78d98bd60687112d513e9891d80
8dd3bab375fcdc9938979afe67701efc811722f2,9557ed3d2abd99cbc12c5f2140c68347377713ea
8eb469e14b4e4a62c95729a96f9a93dfa09383a2,25898f6e8880d8127b0a1adff2bc6fde0366afcd
90dd076b8b7a7cf7cc3efb424d5d03030a93098e,4971f56ee410cc4540f6bd57a13737d5862ade5f
916862ee7caa93b79e5ebe8f2dfc43ef224cabeb,79ca2a18c05c83f44a5472e019d55792636e48d2
936ca4857800e0fd4596b435ae72dae8da5e4d36,350fc4e6f8a05d296996cd8f801cfc8c2589407d
9438347c8113517d3b4da9c7934bda4861a0c374,67676839fc51727dc8edfd72ed151d6e5ca6912f
94424ceace96c378704d3424d640aca44fa36921,67f4a141206de580ce4ca25c522b8153190d054b
946c663f13405dc4371b07bb82897cc02249df89,477647edadf1013ec839d51c7e805fdfe3e74efc
9681d5e3dd1b75c3d9ecf46e10e795ba2aca1bfe,c1ab94c3be5b9f5c21ba9a5b4dffde08cb27d6ba
97a2f77f708bde9265d0e5a5d7d751352d9b369b,fcb220caa459abe18ab4b0a9f3525b57ef280939
97bc3a34e4a9a3bc65d1fae04af02a96c5199962,d063ac27e9621811df37300fd7d6479e9f3ddb3a
9804b5a02072266b5a3dca6da298a7706ffa62ee,3233a0cb1cec9ef532fb2b5801737872dd650e78
986a00062b436b78dad868831918c68caf5cb38f,1eb6b789f016d5e8d95475666406edd935423332
99591efaadf5b7d0662d99afd3860fbde779cff1,04201d9163093b2b9fe217a4ffe39d05b8781b95
9adb2217a5455b0dfbf50ca6a03ad2454c461851,df063d9d56b157b4bfb59445a2fac0cd24843029
9b2df37729889afa0cf9d2ed6f029773893d6173,c70ef49a9962cccde5d05fe31fb69e6f8621fed1
9d38e0384dd96966e53496aa7e705f7f3dc77f99,2b6ccb997b8b688b726a5251e8949dd95cf22ced
9ea7ffb843b5e89d65e0a3e2827f6f3d9785d0a7,9bd90568c4486e183d08fd1a1c3614f5fe094855
9f4ae6a5970afb8b1fd6dae283f0b26c806b0d6c,6c9a36f785c961a1656577cc4f86e1402fe83f9c
a02d2181f1ec29337849bfe5a00cb75016fc4093,5ce01467ca8c5d533478694eecf100745e2d82a9
a0994d1d8913237c729582b5cdfe209bb2510181,60fe2a1ae08a8af8a0965937f029bb85cbe1ca4a
a2168f63cc8b78379375e5ebc57ab3e5dc92f5c6,64e300005709f21d864d11f8a007a9a26d094d12
a28f810bdb154701f8e6b1b43b617d4d24548a53,c78e5a56b08cb6898c351be003a9444c6cd12d00
a48b39a17e6dbaf01d933c1baf389e153eaf1b11,4d6f2f2881e21eeb47b0ea5dca60b5bdcf542678
a52d76d94ef77a33ed126d819b63c7718403788b,bc931d318f6e416fbe692ffcf2203805648ef1e2
a630f9577ef92bea7f1277ee8884442502650bef,5ffb6d8df96295d4da0c864a4fca20c775904afa
a752ee1f93cef763b69f77c53121b2721c5cd233,dc1861ba69be818313985926062da560cacb0008
a91d42be94d3a5675eab8889fb9681458bfa5ee2,0d41cd13295e19846d395005608fc33a89b72dd6
a9fdef169ea1309e5d922e9eccdbe76ea3b4195d,1e93cd727c4f3bb394a7594d111aba707cd118d5
aa5c82fbead14ce337d9abb179f55c9ed2a9a7b7,edad47981e2e8376b2da8a79aa42f5582334fa88
ac75493b5815ccb6b25573b29513c126c2aa3d02,1201284a7d54071922cf2b517ec783070f200513
acc06ca161711d9267bcf097fa899dd923217c60,ed4fc90886093c44709e095f14ff3066c4d7905c
acc5e85ef3fabdb78e712aea914ed1ae063daca5,cb526583b8a7f6daeb409e468524cd03e717fb88
ad6211af6597a9e6f029769b2239016af664fc65,5df23e111a876b73533eac4759a713722dfa628b
adbbb9226f09261e0df066abd77419ce981b096a,337698f2c0333270e95fd3a662ca88fdf9eb32df
af0ee0ed8353b9c9e350f33803494d18ef29f4dc,f96c807c369d6f1eedf1e4fc7d24ff74d3196623
af40ede853c26f6d690b807724ac6adadc58881b,6dadf7717398ae5e96b0b6c293500b0b40dc74b8
b1b8a17ed2c34be222f9bb670c2aae16d3b4bfcc,e20e21b442096155f94036ec3570d3b130c437ea
b3ce7f531747aba9597ae4a20f4636171269b900,6beacf25f00f6ba063d965194bb10c7b797d13a7
b4157033dbfa0274cc1a5969eec1b26cd50e107e,6075e9a3f70b42020d05f5cb20125c0c45520a72
b487e8834c18617d79135814a39cda34035bea9d,b6cafbe31a38db9ac548de72699cecb3cee504b4
b4acdad220379c44061d2b02a187f9f4b8b89459,891fa8e0fc7eba747d643f04722e576b253b2606
b4e0cb061d669999d1aaccdee613ea6ea7a29665,ef96379c12f95266c25580910eee3769c6e80292
b63d9cc1edfe04915c8b4337a79cc8f31ef0718c,a00f5b832af53470bebfe72a4c3c9aff2973a524
b78b020738878d160b86adface369e4e4b64b117,83eb3fc68abf51b91a035a4881cf6e6e704a39c8
b8fb4a62b207b1c0ee79ecd1ec13e4cd85efcc36,eba411f9db5abaf6dd08b1990b9c444226d723e0
bb3c8add2fbaa2a0b38f57d29ee0830fb0287d3f,c804ce43cff455c6e1f8d477dac649578d3e67aa
bbe55f5901420f068f19ec68f2a6d5afed003872,58508feeda74db7fc6e725eb589c762fdc523863
be7d15307c694a9e6531155be8aab3a649e4d958,e77583c6764eee842dcd655c2ef795a208b53ad9
bf0acddbed8a65d1a6f0e4a6d7ccde0935b9ce0e,05725a8b7d52049079fc49579f2a2e1df098b340
bf976f369e3841ea3b07a5bc40a747b5c342d82f,330392203d9a0ad2d93661ec60ffc8f570991dea
c1066873ec31c81ef3608fbabc0cf42417161233,fb6435ef92dd0424941fdaf0fde2f7e268cc12a8
c24aa1e125240a3e366bcd86fe08e64a8899d162,9e82cb02410cfae148b8c26120ad8b7361cb2a92
c377953b470033870cc141e43956b7474fad553b,1932f2e89b3d56aff4ba860544246581a514b9d9
c5650c152527bc3cf7d309eddc1e4962e3e0a5e4,50c46d4d596b380eabbda510b433315910d83aa8
c5764db76a100ab71ce2eac1de8bcc7ed2ec0e6b,ff365bbd997ccb147bc50f72fed97690ef75c7ad
c90abe01f0edec347759127bdb4a542476021868,d331c06bd4f9599b278bf25b9a9e1b17f6f07944
c9162ace9f8fc82e5604c47a6fabfb6d9d8b52f1,4ff5b207c6db515afad2600b668cdc412ebfcfd1
c9a1c55a0369e42e1b9bbf532cf9f9416fcda7f1,9c4d0447061baa05fb10fd437bc67f777f921582
cabd9e524e5742416161f5d02953085ac8a8ef10,3ff49649c16bce5365e48c5c9d4f91850884ef5f
cae4f9603694e1436aa1195107711d1d70c11d47,af87e0efcef96c7f077d5c44bcb0867e9c87c2e0
cb6e8e9ff5a0273536512657e507ad497bc8171b,536b3ba532a18f7e6d2b58c0a6dd6f4b08570288
cb6f263229032a9f2beee17262585a22a00a46a4,d34dee084fbb2e84b2444032661c963e9bf4884a
cbe5232095312c4b3e28d6bae673dcd75b98e302,fc64fc9a1fb450dc9c0f0ca5965e59ea9af30320
cc5640721af0d60519c9b620de6bb5191b906fb3,16b872c5fb310291c89c1da861b5e75558d5d101
cfe6d43dfe7bea5388f5977c225cc3916dc8a9bb,7158a378f20844b1d576eafc888d037af1443d51
d002095f2c3b548f9b00ae3027680ade926a96ca,0a83a02f7c044f470b5e854c8ca20e40c1743292
d0d9452b6b9832c665854d8ee13bea7b6a77a32b,f847cf06a06e53ec3b8104fe1f4be512ed37d35e
d41e75f722048739bdb295930a064f7f4a8d1c61,8579d73c49bfc20f9d43374961b3e3470fffdbfc
d52bbc1529ad22ea787023955e63227104403936,02671c54da85b2667e6682072a8fc801771419a4
d5b2f34277e5a115bc528321b5243e1bd441dee2,af62218a4261d4883c9f679edf3c98586cd36be8
d6326bf69b94243f0e4b52af5592b6aba2d2033a,88ed9f6a6c8790d5803d49390521590a15043f77
d7e930f8b7f9bd6f55b2a1c40648eca52d57368c,08634fa24d8462f864b04fe12b6b039bc56f49d5
d87b3c86ea5e966677bbd30525dff8b42dd823ef,4b1b319e0c930e3f9ae134ddd32b462c26c577ae
d98c0dafc42fed1ed16a8d43d04463b0f134fa48,565cca63807b55ffe2735b9992aca45c6d50d0c3
dd62c500a86769de4c01b43b807c9fc822e1f803,dc7d5834a1cd55251b06c31698184fd2d8c88b08
ddae1cfd7b6dc2eee49f4eceacdc05fa7bd1cd1a,c7b3b1b99af273fb710f8be26a317ecf941087dc
de4d0bc87d5525f6b8b859bfbaebb5a20a77aed9,005fa96367deffe5b8afe7b9b9cae2ad9ee49128
dedc4623204eaf964cac63248d78bab4c234620a,00aa4d837e54d8d22d4b21b751fe777aeafbdd50
def9c24853cf5b400ffca81e09c12a0853492550,1943b44b710e8c2c6a673e8b0206af599bdcaef6
df4221a5a10e734e2a63a385e3e9d41830c4f59c,076d77b82b07934637e575e158ec7dae03f394f2
e3253283a9c2f37d0a0635acfe534212c6a778fe,c769a56e99172202c1e249830d16a47cf2ba5f79
e3889e28328d4ca1546cef7a44310769489dd5b0,f3d3ef8439a9cacb26ccdfb2ac63a143a05fecf4
e4fac6ef2374315c6f6d96342099999361858347,32c4b53753be8743736897a7b8c7ee5ebece7cce
e70f41b3ebfe74ea304a6e41100c6891f63d73c4,f1898f8a2a1f8e552217ad81c43d78346263d3ff
e7cccda1cb103a29e29e884c5ae7fc51eeab93d9,75a7e94ac32f67a8c7bddcb639baa28fd6d111d8
ea8212cc3953ad065fa99d1e07c4befc8891d26b,0e95c7335233e2284ac8a0fb12771642e87ff6c3
eb0a38afcd9346ab753be11199561c811294c462,c89a74a2f3b5de4b828479b18818cb3048c94eb6
ebc9bd105f4c50d462c1c053f433992d836005e7,e8577b099bdaeb7acf6308ed245cc4d7e37a27d3
ebd7ed628d072dcc16528ebafe632251d2ebf2f5,875e1e5fffd7fd3833e428c1adf419e69dcc4556
ec3c143acf4ea34713f2df0dba543679d583a242,e1262f4b8ed0997fded1a1a5d9ce0be40effab28
ec59ac908c01b6aeed1771b84f43acc59f6daa97,9a3bd5ee714e6ea0d837b80e103f7c20bb6045aa
ed0405b4232a1fd8a2a94481aa0de069bc5b7598,e7f6f7e684d1dc24b81ebe584f2fb068cdc00dfd
edba068590a48906b5aa1c56050161c851a7fb56,e5c87dda3f779cbc3457bd54a16018aa73e1055c
f2e1c3019d5f16ddc6b6cbf21486b50bd51cf8e8,66827cd4ca7b6d91db30d72a464c6fd83615a9d8
f51280aaff4afc5e8fb398357d520f3819e3f36c,343e8c7254a5e53cc125a874b73d31d01d9da86f
f51d6ccfddcab679eb35e70d2c728c3db491d14a,787448992c201bb064112ab3a4fd29ca43546cb8
f5476888252749b49411226cfad6571a88cdab83,64f356da3035386a3e18f70146b6cf23e043445e
f80a9eb7ccbfe4b133d2f971ad2af851c7608e79,447ec0d760cb3c474fc1ace697f44f2d74401a44
f8aca13f1db6d56312b10950dd85199323dcb610,0bf231dd59d9d00c9bc1845b8159b2fa06db737e
f94033c24ac51f5df63cf80ca571ff9c8d003973,6fc51c58726996144848156dcf26bc4ec68d25e8
f9992671e36201139e27f6b024060fb1c3baa731,e64006b1959bcc7e0a8f9e86d0833f0e19407d38
f9d710eb5487d5d31ac318986321396217d39827,89c83c2b9aa63ed6226340d5ebdda6a9c829e05a
fa271110e5f33df91cab39c81948ef3088c16239,2e2186cc02be29a23f5a25dbe7839bd8bd6a8aae
ff21da32533c1159a21949503b587d25e58669e1,86833bdee5937c56693c85d7f0d676127a05021d
ff337a512b5a619e567dd849a7898fa2b3ad9d10,78db51df1de055c3611735d9f8334394c842cb9a
ff5b3fa24621e910f87d486dd5b45671c42dac9d,a765ea243439d8b8c20b4174083d718b76a4ff57
