branch,commit,path,blob,destination
"archive/review-origin-main-20260915","db98bfecb312a3b91fb9a7177f6b2241a16b4b4b","docs/adr/0058-jd-deterministic-export-shape-and-format.md","d78d963bdd0d5bf3a62437951ef25f6fdce27073","docs/archive/branch-snapshots/20261002-legacy-jd-research/review-origin-main/docs/adr/0058-jd-deterministic-export-shape-and-format.md"
"archive/review-origin-main-20260915","db98bfecb312a3b91fb9a7177f6b2241a16b4b4b","docs/adr/0059-ai-assisted-duty-suggestion.md","b1004eb71b06b3faf0b0c98ba5e543f4d446eb4c","docs/archive/branch-snapshots/20261002-legacy-jd-research/review-origin-main/docs/adr/0059-ai-assisted-duty-suggestion.md"
"archive/review-origin-main-20260915","db98bfecb312a3b91fb9a7177f6b2241a16b4b4b","docs/adr/0060-enterprise-jd-indicator-depth-and-icap-reference.md","cd01f50b67a42fc9faf32721fb2721c160586f4a","docs/archive/branch-snapshots/20261002-legacy-jd-research/review-origin-main/docs/adr/0060-enterprise-jd-indicator-depth-and-icap-reference.md"
"archive/review-origin-main-20260915","db98bfecb312a3b91fb9a7177f6b2241a16b4b4b","docs/adr/0061-per-task-subconversation-and-duty-grouping-suggestion.md","d87839dc75040bfe94c81700763cb585cdcd6d5b","docs/archive/branch-snapshots/20261002-legacy-jd-research/review-origin-main/docs/adr/0061-per-task-subconversation-and-duty-grouping-suggestion.md"
"archive/review-origin-main-20260915","db98bfecb312a3b91fb9a7177f6b2241a16b4b4b","docs/design/job-analysis-web-ux-flow.md","c3324d3d675d9705bd777e78f4fdcbf2b1d2efa1","docs/archive/branch-snapshots/20261002-legacy-jd-research/review-origin-main/docs/design/job-analysis-web-ux-flow.md"
"archive/review-origin-main-20260915","db98bfecb312a3b91fb9a7177f6b2241a16b4b4b","docs/design/task-analysis-engine.md","5b93de91e1e89e286712cc225a0a5b69250324b1","docs/archive/branch-snapshots/20261002-legacy-jd-research/review-origin-main/docs/design/task-analysis-engine.md"
"archive/review-origin-main-20260915","db98bfecb312a3b91fb9a7177f6b2241a16b4b4b","docs/experiments/2026-08-05-jd-header-packet-live-verification/README.md","3645bc110a8063336e1a631f8de2a1bd1c11fa34","docs/archive/branch-snapshots/20261002-legacy-jd-research/review-origin-main/docs/experiments/2026-08-05-jd-header-packet-live-verification/README.md"
"archive/review-origin-main-20260915","db98bfecb312a3b91fb9a7177f6b2241a16b4b4b","docs/plans/2026-08-04-job-analysis-jd-header-and-readiness-slice-plan.md","b656847711cf9a2d1b0c066a3ab33200b4aeaa41","docs/archive/branch-snapshots/20261002-legacy-jd-research/review-origin-main/docs/plans/2026-08-04-job-analysis-jd-header-and-readiness-slice-plan.md"
"archive/review-origin-main-20260915","db98bfecb312a3b91fb9a7177f6b2241a16b4b4b","docs/plans/2026-08-05-job-analysis-duty-and-task-competency-level-plan.md","5d464eb526ab3bc4a96d236ea4f41a7d68c3f46a","docs/archive/branch-snapshots/20261002-legacy-jd-research/review-origin-main/docs/plans/2026-08-05-job-analysis-duty-and-task-competency-level-plan.md"
"archive/review-origin-main-20260915","db98bfecb312a3b91fb9a7177f6b2241a16b4b4b","docs/plans/2026-08-06-ai-assisted-duty-plan.md","daf406fb350da70eb201b12c9791678be2abe884","docs/archive/branch-snapshots/20261002-legacy-jd-research/review-origin-main/docs/plans/2026-08-06-ai-assisted-duty-plan.md"
"archive/review-origin-main-20260915","db98bfecb312a3b91fb9a7177f6b2241a16b4b4b","docs/plans/2026-08-06-jd-deterministic-export-plan.md","23fa5f6b974e4b3b4803c000441eefa0f9e708e1","docs/archive/branch-snapshots/20261002-legacy-jd-research/review-origin-main/docs/plans/2026-08-06-jd-deterministic-export-plan.md"
"archive/review-origin-main-20260915","db98bfecb312a3b91fb9a7177f6b2241a16b4b4b","docs/plans/2026-08-06-job-analysis-opks-display-order-plan.md","8b442eb234c3b219ae09ea85e04a05e8244a93e9","docs/archive/branch-snapshots/20261002-legacy-jd-research/review-origin-main/docs/plans/2026-08-06-job-analysis-opks-display-order-plan.md"
"archive/review-origin-main-20260915","db98bfecb312a3b91fb9a7177f6b2241a16b4b4b","docs/specs/2026-08-06-ai-assisted-duty-research.md","bc8f65afcdcef5436b227535ae113c208592fcb1","docs/archive/branch-snapshots/20261002-legacy-jd-research/review-origin-main/docs/specs/2026-08-06-ai-assisted-duty-research.md"
"archive/review-origin-main-20260915","db98bfecb312a3b91fb9a7177f6b2241a16b4b4b","docs/specs/2026-08-06-jd-deterministic-export-research.md","44e31eef3c32b18ea81a17eee6d6ff8af6905fe6","docs/archive/branch-snapshots/20261002-legacy-jd-research/review-origin-main/docs/specs/2026-08-06-jd-deterministic-export-research.md"
"archive/review-origin-main-20260915","db98bfecb312a3b91fb9a7177f6b2241a16b4b4b","docs/specs/2026-08-07-behavioral-indicator-depth-and-icap-reference-flow-research.md","93025273c9ba86cf1f81617aacd7de72da2a805d","docs/archive/branch-snapshots/20261002-legacy-jd-research/review-origin-main/docs/specs/2026-08-07-behavioral-indicator-depth-and-icap-reference-flow-research.md"
"archive/integrate-reviewed-origin-main-20260915","26cbe906640170b27849f8cfa424229f18b205f7","docs/adr/0056-jd-deterministic-export-shape-and-format.md","18d07c97ab870d597acab3d2ae6662f14f9d046b","docs/archive/branch-snapshots/20261002-legacy-jd-research/integrate-reviewed-origin-main/docs/adr/0056-jd-deterministic-export-shape-and-format.md"
"archive/integrate-reviewed-origin-main-20260915","26cbe906640170b27849f8cfa424229f18b205f7","docs/design/task-analysis-engine.md","c479586304f30246fe24c926c43fd6fc5fde5997","docs/archive/branch-snapshots/20261002-legacy-jd-research/integrate-reviewed-origin-main/docs/design/task-analysis-engine.md"
"archive/integrate-reviewed-origin-main-20260915","26cbe906640170b27849f8cfa424229f18b205f7","docs/experiments/2026-08-05-jd-header-packet-live-verification/README.md","3645bc110a8063336e1a631f8de2a1bd1c11fa34","docs/archive/branch-snapshots/20261002-legacy-jd-research/review-origin-main/docs/experiments/2026-08-05-jd-header-packet-live-verification/README.md"
"archive/integrate-reviewed-origin-main-20260915","26cbe906640170b27849f8cfa424229f18b205f7","docs/plans/2026-08-04-job-analysis-jd-header-and-readiness-slice-plan.md","b656847711cf9a2d1b0c066a3ab33200b4aeaa41","docs/archive/branch-snapshots/20261002-legacy-jd-research/review-origin-main/docs/plans/2026-08-04-job-analysis-jd-header-and-readiness-slice-plan.md"
"archive/integrate-reviewed-origin-main-20260915","26cbe906640170b27849f8cfa424229f18b205f7","docs/plans/2026-08-05-job-analysis-duty-and-task-competency-level-plan.md","5d464eb526ab3bc4a96d236ea4f41a7d68c3f46a","docs/archive/branch-snapshots/20261002-legacy-jd-research/review-origin-main/docs/plans/2026-08-05-job-analysis-duty-and-task-competency-level-plan.md"
"archive/integrate-reviewed-origin-main-20260915","26cbe906640170b27849f8cfa424229f18b205f7","docs/plans/2026-08-06-jd-deterministic-export-plan.md","c7e831d9c2a74cd3e8ca7ad9303c9af73abd9f40","docs/archive/branch-snapshots/20261002-legacy-jd-research/integrate-reviewed-origin-main/docs/plans/2026-08-06-jd-deterministic-export-plan.md"
"archive/integrate-reviewed-origin-main-20260915","26cbe906640170b27849f8cfa424229f18b205f7","docs/plans/2026-08-06-job-analysis-opks-display-order-plan.md","965e70447aaf8eaaaf0a7e1463df56c3d14a5272","docs/archive/branch-snapshots/20261002-legacy-jd-research/integrate-reviewed-origin-main/docs/plans/2026-08-06-job-analysis-opks-display-order-plan.md"
"archive/integrate-reviewed-origin-main-20260915","26cbe906640170b27849f8cfa424229f18b205f7","docs/specs/2026-08-06-jd-deterministic-export-research.md","a3a820a51058d0b71a73b042cf895c89a12a867e","docs/archive/branch-snapshots/20261002-legacy-jd-research/integrate-reviewed-origin-main/docs/specs/2026-08-06-jd-deterministic-export-research.md"
