engine,id,filename,sha256,call_status,seconds,pages_with_output,tables,row_pass,row_total,text_pass,text_total,continuation_pass,continuation_total
pdfplumber,01,3D列印設備配修人員-職能基準.pdf,1adc394e15dd7d6d1402ed216e9e9e78b0af0428c3d3bcff3fa92a7370c86639,ok,0.31971880001947284,5,9,2,2,2,2,0,0
pdfplumber,02,3D珠寶設計人員-職能基準.pdf,61756c11f6b25410f1d031bd349485482275b732881f4fcc7bbacb6300f5b883,ok,0.3089029000257142,4,8,2,2,2,2,1,1
pdfplumber,03,機械設計工程師-職能基準.pdf,b2cac61809cadce6cacba698a00821409c1cdbd160622448068acef09d0d21a6,ok,0.33793989999685436,4,9,1,1,2,2,0,0
pdfplumber,04,電控系統工程師-職能基準.pdf,aba4ca825c7d46c4ea2a41bb3a0a7e498cb67f18fffd8f7a41eb230155cf6dd2,ok,0.2869638000265695,5,9,2,2,1,1,0,0
pdfplumber,05,AIoT應用工程師-職能基準.pdf,462b2f1d7a60cca993f12f7b857d0c6e29088b7eafa295b7a48c998b6f67ebad,ok,0.42680099996505305,10,12,3,3,0,0,0,0
pdfplumber,06,工具機機械設計工程師-職能基準.pdf,de3f44b35e145367f264f032e8635137f9eb83a47f9c325978736ebf079af992,ok,0.3808024000027217,7,12,2,2,0,0,1,1
pdfplumber,07,銀行─金融科技人員-職能基準.pdf,1f9dd4c432e724be470b2eb73f92db8088c8381d6e09aca9098b54ed1f4de2e1,ok,0.09849559998838231,3,7,1,1,1,1,0,0
pdfplumber,08,供應鏈管理人員-職能基準.pdf,e57fbccb6f32fbdf3cfb54c319d8ad4486be7b7d319aa63d14937dc9391ab9cd,ok,0.41114780004136264,6,9,2,2,0,0,1,1
pdfplumber,09,AI應用規劃師-職能基準.pdf,dd4c9eefc2e891dd8a00d162dca96687c2f93b2267fbd988c40460857f21b3fc,ok,0.39409979997435585,6,9,2,2,0,0,0,0
pdfplumber,10,CNC銑床技術人員-職能基準.pdf,54ef4f071e053a61934ef5cc8ab496fca0e2095f237f85adce2c0903f34e3bf4,ok,0.39145530003588647,5,9,3,3,0,0,0,0
camelot,01,3D列印設備配修人員-職能基準.pdf,1adc394e15dd7d6d1402ed216e9e9e78b0af0428c3d3bcff3fa92a7370c86639,ok,0.4096933999680914,4,6,0,2,0,2,0,0
camelot,02,3D珠寶設計人員-職能基準.pdf,61756c11f6b25410f1d031bd349485482275b732881f4fcc7bbacb6300f5b883,ok,0.3017538000131026,3,5,0,2,0,2,0,1
camelot,03,機械設計工程師-職能基準.pdf,b2cac61809cadce6cacba698a00821409c1cdbd160622448068acef09d0d21a6,ok,0.3251975000021048,4,6,0,1,0,2,0,0
camelot,04,電控系統工程師-職能基準.pdf,aba4ca825c7d46c4ea2a41bb3a0a7e498cb67f18fffd8f7a41eb230155cf6dd2,ok,0.3376843999722041,4,8,0,2,0,1,0,0
camelot,05,AIoT應用工程師-職能基準.pdf,462b2f1d7a60cca993f12f7b857d0c6e29088b7eafa295b7a48c998b6f67ebad,ok,0.643123000045307,10,12,0,3,0,0,0,0
camelot,06,工具機機械設計工程師-職能基準.pdf,de3f44b35e145367f264f032e8635137f9eb83a47f9c325978736ebf079af992,ok,0.537793800001964,7,10,0,2,0,0,0,1
camelot,07,銀行─金融科技人員-職能基準.pdf,1f9dd4c432e724be470b2eb73f92db8088c8381d6e09aca9098b54ed1f4de2e1,ok,0.1840446999995038,3,6,0,1,0,1,0,0
camelot,08,供應鏈管理人員-職能基準.pdf,e57fbccb6f32fbdf3cfb54c319d8ad4486be7b7d319aa63d14937dc9391ab9cd,ok,0.4671207999926992,6,9,0,2,0,0,0,1
camelot,09,AI應用規劃師-職能基準.pdf,dd4c9eefc2e891dd8a00d162dca96687c2f93b2267fbd988c40460857f21b3fc,ok,0.4235509999562055,5,7,0,2,0,0,0,0
camelot,10,CNC銑床技術人員-職能基準.pdf,54ef4f071e053a61934ef5cc8ab496fca0e2095f237f85adce2c0903f34e3bf4,ok,0.41199720004806295,5,6,0,3,0,0,0,0
camelot-lattice,01,3D列印設備配修人員-職能基準.pdf,1adc394e15dd7d6d1402ed216e9e9e78b0af0428c3d3bcff3fa92a7370c86639,ok,1.0302524999715388,5,8,2,2,2,2,0,0
camelot-lattice,02,3D珠寶設計人員-職能基準.pdf,61756c11f6b25410f1d031bd349485482275b732881f4fcc7bbacb6300f5b883,ok,0.7425007999991067,4,7,2,2,0,2,1,1
camelot-lattice,03,機械設計工程師-職能基準.pdf,b2cac61809cadce6cacba698a00821409c1cdbd160622448068acef09d0d21a6,ok,0.7460510999662802,4,8,1,1,2,2,0,0
camelot-lattice,04,電控系統工程師-職能基準.pdf,aba4ca825c7d46c4ea2a41bb3a0a7e498cb67f18fffd8f7a41eb230155cf6dd2,ok,0.8811427000327967,5,8,2,2,1,1,0,0
camelot-lattice,05,AIoT應用工程師-職能基準.pdf,462b2f1d7a60cca993f12f7b857d0c6e29088b7eafa295b7a48c998b6f67ebad,ok,1.665218400012236,10,12,3,3,0,0,0,0
camelot-lattice,06,工具機機械設計工程師-職能基準.pdf,de3f44b35e145367f264f032e8635137f9eb83a47f9c325978736ebf079af992,ok,1.2229263999615796,7,11,2,2,0,0,1,1
camelot-lattice,07,銀行─金融科技人員-職能基準.pdf,1f9dd4c432e724be470b2eb73f92db8088c8381d6e09aca9098b54ed1f4de2e1,ok,0.481798599998001,3,7,1,1,1,1,0,0
camelot-lattice,08,供應鏈管理人員-職能基準.pdf,e57fbccb6f32fbdf3cfb54c319d8ad4486be7b7d319aa63d14937dc9391ab9cd,ok,1.079163399990648,6,9,2,2,0,0,1,1
camelot-lattice,09,AI應用規劃師-職能基準.pdf,dd4c9eefc2e891dd8a00d162dca96687c2f93b2267fbd988c40460857f21b3fc,ok,1.0788087000255473,6,8,2,2,0,0,0,0
camelot-lattice,10,CNC銑床技術人員-職能基準.pdf,54ef4f071e053a61934ef5cc8ab496fca0e2095f237f85adce2c0903f34e3bf4,ok,0.8927145999623463,5,9,3,3,0,0,0,0
docling,01,3D列印設備配修人員-職能基準.pdf,1adc394e15dd7d6d1402ed216e9e9e78b0af0428c3d3bcff3fa92a7370c86639,ok,28.873391899978742,5,5,2,2,2,2,0,0
docling,02,3D珠寶設計人員-職能基準.pdf,61756c11f6b25410f1d031bd349485482275b732881f4fcc7bbacb6300f5b883,ok,15.398110400012229,4,5,2,2,2,2,1,1
docling,03,機械設計工程師-職能基準.pdf,b2cac61809cadce6cacba698a00821409c1cdbd160622448068acef09d0d21a6,ok,20.23181409999961,4,8,0,1,2,2,0,0
docling,04,電控系統工程師-職能基準.pdf,aba4ca825c7d46c4ea2a41bb3a0a7e498cb67f18fffd8f7a41eb230155cf6dd2,ok,12.56850289995782,5,8,1,2,1,1,0,0
docling,05,AIoT應用工程師-職能基準.pdf,462b2f1d7a60cca993f12f7b857d0c6e29088b7eafa295b7a48c998b6f67ebad,ok,14.985460700001568,10,10,3,3,0,0,0,0
docling,06,工具機機械設計工程師-職能基準.pdf,de3f44b35e145367f264f032e8635137f9eb83a47f9c325978736ebf079af992,ok,10.666736299986951,7,9,2,2,0,0,1,1
docling,07,銀行─金融科技人員-職能基準.pdf,1f9dd4c432e724be470b2eb73f92db8088c8381d6e09aca9098b54ed1f4de2e1,ok,6.293392700026743,3,6,1,1,1,1,0,0
docling,08,供應鏈管理人員-職能基準.pdf,e57fbccb6f32fbdf3cfb54c319d8ad4486be7b7d319aa63d14937dc9391ab9cd,ok,11.062639300012961,6,7,2,2,0,0,1,1
docling,09,AI應用規劃師-職能基準.pdf,dd4c9eefc2e891dd8a00d162dca96687c2f93b2267fbd988c40460857f21b3fc,ok,8.701922099979129,6,6,2,2,0,0,0,0
docling,10,CNC銑床技術人員-職能基準.pdf,54ef4f071e053a61934ef5cc8ab496fca0e2095f237f85adce2c0903f34e3bf4,ok,13.595850599987898,5,7,3,3,0,0,0,0
